[14Sep2026 05:07:54.676] [main/INFO] [cpw.mods.modlauncher.Launcher/MODLAUNCHER]: ModLauncher running: args [--launchTarget, forge_server, nogui]
[14Sep2026 05:07:54.678] [main/INFO] [cpw.mods.modlauncher.Launcher/MODLAUNCHER]: JVM identified as Ubuntu OpenJDK 64-Bit Server VM 25.0.4+7-1-24.04-Ubuntu
[14Sep2026 05:07:54.680] [main/INFO] [cpw.mods.modlauncher.Launcher/MODLAUNCHER]: ModLauncher 10.2.6 starting: java version 25.0.4 by Ubuntu; OS Linux arch amd64 version 6.8.0-1064-azure
[14Sep2026 05:07:54.703] [main/DEBUG] [cpw.mods.modlauncher.LaunchServiceHandler/MODLAUNCHER]: Found launch services [forge_client, forge_dev, forge_dev_client, forge_dev_client_data, forge_dev_data, forge_dev_server, forge_dev_server_gametest, forge_server, forge_userdev, forge_userdev_client, forge_userdev_client_data, forge_userdev_data, forge_userdev_server, forge_userdev_server_gametest, minecraft, testharness]
[14Sep2026 05:07:54.714] [main/DEBUG] [cpw.mods.modlauncher.NameMappingServiceHandler/MODLAUNCHER]: Found naming services : [srgtomcp]
[14Sep2026 05:07:54.727] [main/DEBUG] [cpw.mods.modlauncher.LaunchPluginHandler/MODLAUNCHER]: Found launch plugins: [mixin,slf4jfixer,runtime_enum_extender,capability_token_subclass,accesstransformer,runtimedistcleaner]
[14Sep2026 05:07:54.735] [main/DEBUG] [cpw.mods.modlauncher.TransformationServicesHandler/MODLAUNCHER]: Discovering transformation services
[14Sep2026 05:07:54.738] [main/DEBUG] [net.minecraftforge.fml.loading.FMLPaths/CORE]: Path GAMEDIR is /workspaces/mirswatf44-gmail.com/servidor_minecraft
[14Sep2026 05:07:54.738] [main/DEBUG] [net.minecraftforge.fml.loading.FMLPaths/CORE]: Path MODSDIR is /workspaces/mirswatf44-gmail.com/servidor_minecraft/mods
[14Sep2026 05:07:54.738] [main/DEBUG] [net.minecraftforge.fml.loading.FMLPaths/CORE]: Path CONFIGDIR is /workspaces/mirswatf44-gmail.com/servidor_minecraft/config
[14Sep2026 05:07:54.738] [main/DEBUG] [net.minecraftforge.fml.loading.FMLPaths/CORE]: Path FMLCONFIG is /workspaces/mirswatf44-gmail.com/servidor_minecraft/config/fml.toml
[14Sep2026 05:07:54.798] [main/INFO] [net.minecraftforge.fml.loading.ImmediateWindowHandler/]: ImmediateWindowProvider not loading because launch target is forge_server
[14Sep2026 05:07:54.839] [main/DEBUG] [cpw.mods.modlauncher.TransformationServicesHandler/MODLAUNCHER]: Found transformer service: fml: /
[14Sep2026 05:07:54.840] [main/DEBUG] [cpw.mods.modlauncher.TransformationServicesHandler/MODLAUNCHER]: Found transformer service: forge: /
[14Sep2026 05:07:54.848] [main/DEBUG] [cpw.mods.modlauncher.TransformationServicesHandler/MODLAUNCHER]: Found transformer service: mixin: /
[14Sep2026 05:07:54.848] [main/DEBUG] [cpw.mods.modlauncher.TransformationServicesHandler/MODLAUNCHER]: Transformation services loading
[14Sep2026 05:07:54.849] [main/DEBUG] [cpw.mods.modlauncher.TransformationServiceDecorator/MODLAUNCHER]: Loading service mixin
[14Sep2026 05:07:54.849] [main/DEBUG] [cpw.mods.modlauncher.TransformationServiceDecorator/MODLAUNCHER]: Loaded service mixin
[14Sep2026 05:07:54.849] [main/DEBUG] [cpw.mods.modlauncher.TransformationServiceDecorator/MODLAUNCHER]: Loading service fml
[14Sep2026 05:07:54.855] [main/DEBUG] [net.minecraftforge.fml.loading.FMLLoader/CORE]: Detected version data : VersionInfo[forgeVersion=65.1.3, mcVersion=26.2, mcpVersion=20260616.103818, forgeGroup=net.minecraftforge]
[14Sep2026 05:07:54.857] [main/DEBUG] [net.minecraftforge.fml.loading.LauncherVersion/CORE]: Found FMLLauncher version 65.1.3
[14Sep2026 05:07:54.857] [main/DEBUG] [net.minecraftforge.fml.loading.FMLLoader/CORE]: FML 65.1.3 loading
[14Sep2026 05:07:54.857] [main/DEBUG] [net.minecraftforge.fml.loading.FMLLoader/CORE]: Found ModLauncher version: 10.2.6
[14Sep2026 05:07:54.858] [main/DEBUG] [net.minecraftforge.fml.loading.FMLLoader/CORE]: Found AccessTransformer version: 8.2.17
[14Sep2026 05:07:54.858] [main/DEBUG] [net.minecraftforge.fml.loading.FMLLoader/CORE]: Found RuntimeDistCleaner version: 65.1.3
[14Sep2026 05:07:54.858] [main/DEBUG] [net.minecraftforge.fml.loading.FMLLoader/CORE]: Found ForgeSPI version: 8.0.0
[14Sep2026 05:07:54.859] [main/DEBUG] [cpw.mods.modlauncher.TransformationServiceDecorator/MODLAUNCHER]: Loaded service fml
[14Sep2026 05:07:54.859] [main/DEBUG] [cpw.mods.modlauncher.TransformationServiceDecorator/MODLAUNCHER]: Loading service forge
[14Sep2026 05:07:54.859] [main/DEBUG] [cpw.mods.modlauncher.TransformationServiceDecorator/MODLAUNCHER]: Loaded service forge
[14Sep2026 05:07:54.860] [main/DEBUG] [cpw.mods.modlauncher.TransformationServicesHandler/MODLAUNCHER]: Configuring option handling for services
[14Sep2026 05:07:54.867] [main/DEBUG] [cpw.mods.modlauncher.TransformationServicesHandler/MODLAUNCHER]: Transformation services initializing
[14Sep2026 05:07:54.867] [main/DEBUG] [cpw.mods.modlauncher.TransformationServiceDecorator/MODLAUNCHER]: Initializing transformation service mixin
[14Sep2026 05:07:54.927] [main/DEBUG] [mixin/]: MixinService [ModLauncher] was successfully booted in SecureModuleClassLoader[SECURE-BOOTSTRAP]@1024429571
[14Sep2026 05:07:54.964] [main/INFO] [mixin/]: SpongePowered MIXIN Subsystem Version=0.8.7 Source=jar:file:///workspaces/mirswatf44-gmail.com/servidor_minecraft/libraries/org/spongepowered/mixin/0.8.7/mixin-0.8.7.jar!/ Service=ModLauncher Env=SERVER
[14Sep2026 05:07:54.971] [main/DEBUG] [mixin/]: Initialising Mixin Platform Manager
[14Sep2026 05:07:54.971] [main/DEBUG] [mixin/]: Adding mixin platform agents for container ModLauncher Root Container(ModLauncher:4f56a0a2)
[14Sep2026 05:07:54.972] [main/DEBUG] [mixin/]: Instancing new MixinPlatformAgentMinecraftForge for ModLauncher Root Container(ModLauncher:4f56a0a2)
[14Sep2026 05:07:54.976] [main/DEBUG] [mixin/]: MixinPlatformAgentMinecraftForge rejected container ModLauncher Root Container(ModLauncher:4f56a0a2)
[14Sep2026 05:07:54.976] [main/DEBUG] [mixin/]: Instancing new MixinPlatformAgentDefault for ModLauncher Root Container(ModLauncher:4f56a0a2)
[14Sep2026 05:07:54.976] [main/DEBUG] [mixin/]: MixinPlatformAgentDefault accepted container ModLauncher Root Container(ModLauncher:4f56a0a2)
[14Sep2026 05:07:54.979] [main/DEBUG] [cpw.mods.modlauncher.TransformationServiceDecorator/MODLAUNCHER]: Initialized transformation service mixin
[14Sep2026 05:07:54.979] [main/DEBUG] [cpw.mods.modlauncher.TransformationServiceDecorator/MODLAUNCHER]: Initializing transformation service fml
[14Sep2026 05:07:54.980] [main/DEBUG] [net.minecraftforge.fml.loading.FMLServiceProvider/CORE]: Setting up basic FML game directories
[14Sep2026 05:07:54.980] [main/DEBUG] [net.minecraftforge.fml.loading.FMLPaths/CORE]: Path GAMEDIR is /workspaces/mirswatf44-gmail.com/servidor_minecraft
[14Sep2026 05:07:54.980] [main/DEBUG] [net.minecraftforge.fml.loading.FMLPaths/CORE]: Path MODSDIR is /workspaces/mirswatf44-gmail.com/servidor_minecraft/mods
[14Sep2026 05:07:54.980] [main/DEBUG] [net.minecraftforge.fml.loading.FMLPaths/CORE]: Path CONFIGDIR is /workspaces/mirswatf44-gmail.com/servidor_minecraft/config
[14Sep2026 05:07:54.980] [main/DEBUG] [net.minecraftforge.fml.loading.FMLPaths/CORE]: Path FMLCONFIG is /workspaces/mirswatf44-gmail.com/servidor_minecraft/config/fml.toml
[14Sep2026 05:07:54.981] [main/DEBUG] [net.minecraftforge.fml.loading.FMLServiceProvider/CORE]: Loading configuration
[14Sep2026 05:07:54.983] [main/DEBUG] [net.minecraftforge.fml.loading.FMLServiceProvider/CORE]: Preparing ModFile
[14Sep2026 05:07:54.987] [main/DEBUG] [net.minecraftforge.fml.loading.FMLServiceProvider/CORE]: Preparing launch handler
[14Sep2026 05:07:54.988] [main/DEBUG] [net.minecraftforge.fml.loading.FMLLoader/CORE]: Using forge_server as launch service
[14Sep2026 05:07:54.994] [main/DEBUG] [cpw.mods.modlauncher.TransformationServiceDecorator/MODLAUNCHER]: Initialized transformation service fml
[14Sep2026 05:07:54.994] [main/DEBUG] [cpw.mods.modlauncher.TransformationServiceDecorator/MODLAUNCHER]: Initializing transformation service forge
[14Sep2026 05:07:54.994] [main/DEBUG] [cpw.mods.modlauncher.TransformationServiceDecorator/MODLAUNCHER]: Initialized transformation service forge
[14Sep2026 05:07:54.994] [main/DEBUG] [cpw.mods.modlauncher.NameMappingServiceHandler/MODLAUNCHER]: Current naming domain is 'mcp'
[14Sep2026 05:07:54.994] [main/DEBUG] [cpw.mods.modlauncher.NameMappingServiceHandler/MODLAUNCHER]: Identified name mapping providers {srg=net.minecraftforge.fml.loading.MCPNamingService@40f33492}
[14Sep2026 05:07:54.995] [main/DEBUG] [cpw.mods.modlauncher.TransformationServicesHandler/MODLAUNCHER]: Transformation services begin scanning
[14Sep2026 05:07:54.995] [main/DEBUG] [cpw.mods.modlauncher.TransformationServiceDecorator/MODLAUNCHER]: Beginning scan trigger - transformation service mixin
[14Sep2026 05:07:54.996] [main/DEBUG] [cpw.mods.modlauncher.TransformationServiceDecorator/MODLAUNCHER]: End scan trigger - transformation service mixin
[14Sep2026 05:07:54.996] [main/DEBUG] [cpw.mods.modlauncher.TransformationServiceDecorator/MODLAUNCHER]: Beginning scan trigger - transformation service fml
[14Sep2026 05:07:54.996] [main/DEBUG] [net.minecraftforge.fml.loading.FMLServiceProvider/CORE]: Initiating mod scan
[14Sep2026 05:07:55.018] [main/DEBUG] [net.minecraftforge.fml.loading.moddiscovery.ModDiscoverer/CORE]: Found Mod Locators : (mods folder:null),(minecraft:null),(classpath:null),(forge_dev_locator:null),(forge_userdev_locator:null)
[14Sep2026 05:07:55.018] [main/DEBUG] [net.minecraftforge.fml.loading.moddiscovery.ModDiscoverer/CORE]: Found Dependency Locators : (JarInJar:null)
[14Sep2026 05:07:55.155] [main/DEBUG] [net.minecraftforge.fml.loading.moddiscovery.ModFileInfo/LOADING]: Found valid mod file forge-26.2-65.1.3-server.jar with {minecraft} mods - versions {26.2}
[14Sep2026 05:07:55.219] [main/DEBUG] [net.minecraftforge.fml.loading.moddiscovery.JarInJarDependencyLocator/JAR-JAR]: Found JarJar Option: /workspaces/mirswatf44-gmail.com/servidor_minecraft/libraries/io/github/llamalad7/mixinextras-forge/0.5.4/mixinextras-forge-0.5.4.jar
[14Sep2026 05:07:55.298] [main/DEBUG] [net.minecraftforge.fml.loading.moddiscovery.ModFileParser/LOADING]: Considering mod file candidate /workspaces/mirswatf44-gmail.com/servidor_minecraft/libraries/net/minecraftforge/forge/26.2-65.1.3/forge-26.2-65.1.3-universal.jar
[14Sep2026 05:07:55.308] [main/DEBUG] [net.minecraftforge.fml.loading.moddiscovery.ModFileInfo/LOADING]: Found valid mod file forge-26.2-65.1.3-universal.jar with {forge} mods - versions {65.1.3}
[14Sep2026 05:07:55.319] [main/DEBUG] [net.minecraftforge.fml.loading.moddiscovery.JarInJarDependencyLocator/JAR-JAR]: Failed to load resource META-INF/jarjar/metadata.json from forge-26.2-65.1.3-server.jar, it does not contain dependency information.
[14Sep2026 05:07:55.327] [main/DEBUG] [net.minecraftforge.fml.loading.moddiscovery.JarInJarDependencyLocator/JAR-JAR]: Failed to load resource META-INF/jarjar/metadata.json from forge-26.2-65.1.3-universal.jar, it does not contain dependency information.
[14Sep2026 05:07:55.327] [main/DEBUG] [net.minecraftforge.fml.loading.moddiscovery.JarInJarDependencyLocator/JAR-JAR]: Failed to load resource META-INF/jarjar/metadata.json from javafmllanguage-26.2-65.1.3.jar, it does not contain dependency information.
[14Sep2026 05:07:55.327] [main/DEBUG] [net.minecraftforge.fml.loading.moddiscovery.JarInJarDependencyLocator/JAR-JAR]: Failed to load resource META-INF/jarjar/metadata.json from mclanguage-26.2-65.1.3.jar, it does not contain dependency information.
[14Sep2026 05:07:55.327] [main/DEBUG] [net.minecraftforge.fml.loading.moddiscovery.JarInJarDependencyLocator/JAR-JAR]: Failed to load resource META-INF/jarjar/metadata.json from lowcodelanguage-26.2-65.1.3.jar, it does not contain dependency information.
[14Sep2026 05:07:55.327] [main/DEBUG] [net.minecraftforge.fml.loading.moddiscovery.JarInJarDependencyLocator/JAR-JAR]: Failed to load resource META-INF/jarjar/metadata.json from fmlcore-26.2-65.1.3.jar, it does not contain dependency information.
[14Sep2026 05:07:55.328] [main/INFO] [net.minecraftforge.fml.loading.moddiscovery.JarInJarDependencyLocator/]: No dependencies to load found. Skipping!
[14Sep2026 05:07:55.334] [main/DEBUG] [net.minecraftforge.fml.loading.moddiscovery.ModFile/LOADING]: Loading mod file forge-26.2-65.1.3-server.jar with languages [LanguageSpec[languageName=minecraft, acceptedVersions=1]]
[14Sep2026 05:07:55.335] [main/DEBUG] [net.minecraftforge.fml.loading.moddiscovery.ModFile/LOADING]: Loading mod file forge-26.2-65.1.3-universal.jar with languages [LanguageSpec[languageName=javafml, acceptedVersions=[24,]]]
[14Sep2026 05:07:55.336] [main/DEBUG] [cpw.mods.modlauncher.TransformationServiceDecorator/MODLAUNCHER]: End scan trigger - transformation service fml
[14Sep2026 05:07:55.337] [main/DEBUG] [cpw.mods.modlauncher.TransformationServiceDecorator/MODLAUNCHER]: Beginning scan trigger - transformation service forge
[14Sep2026 05:07:55.337] [main/DEBUG] [cpw.mods.modlauncher.TransformationServiceDecorator/MODLAUNCHER]: End scan trigger - transformation service forge
[14Sep2026 05:07:55.376] [main/DEBUG] [net.minecraftforge.fml.loading.LanguageLoadingProvider/CORE]: Found 3 language providers
[14Sep2026 05:07:55.376] [main/DEBUG] [net.minecraftforge.fml.loading.LanguageLoadingProvider/CORE]: Found language provider lowcodefml, version 65
[14Sep2026 05:07:55.377] [main/DEBUG] [net.minecraftforge.fml.loading.LanguageLoadingProvider/CORE]: Found language provider minecraft, version 1.0
[14Sep2026 05:07:55.377] [main/DEBUG] [net.minecraftforge.fml.loading.LanguageLoadingProvider/CORE]: Found language provider javafml, version 65.1.3
[14Sep2026 05:07:55.383] [main/DEBUG] [net.minecraftforge.fml.loading.ModSorter/]: Configured system mods: [minecraft, forge]
[14Sep2026 05:07:55.384] [main/DEBUG] [net.minecraftforge.fml.loading.ModSorter/]: Found system mod: minecraft
[14Sep2026 05:07:55.384] [main/DEBUG] [net.minecraftforge.fml.loading.ModSorter/]: Found system mod: forge
[14Sep2026 05:07:55.385] [main/DEBUG] [net.minecraftforge.fml.loading.ModSorter/LOADING]: Found 0 mod requirements (0 mandatory, 0 optional)
[14Sep2026 05:07:55.385] [main/DEBUG] [net.minecraftforge.fml.loading.ModSorter/LOADING]: Found 0 mod requirements missing (0 mandatory, 0 optional)
[14Sep2026 05:07:55.462] [main/DEBUG] [net.minecraftforge.fml.loading.MCPNamingService/CORE]: Loaded 0 method mappings from methods.csv
[14Sep2026 05:07:55.463] [main/DEBUG] [net.minecraftforge.fml.loading.MCPNamingService/CORE]: Loaded 0 field mappings from fields.csv
[14Sep2026 05:07:55.500] [main/DEBUG] [cpw.mods.modlauncher.TransformationServicesHandler/MODLAUNCHER]: Transformation services loading transformers
[14Sep2026 05:07:55.501] [main/DEBUG] [cpw.mods.modlauncher.TransformationServiceDecorator/MODLAUNCHER]: Initializing transformers for transformation service mixin
[14Sep2026 05:07:55.501] [main/DEBUG] [cpw.mods.modlauncher.TransformationServiceDecorator/MODLAUNCHER]: Initialized transformers for transformation service mixin
[14Sep2026 05:07:55.501] [main/DEBUG] [cpw.mods.modlauncher.TransformationServiceDecorator/MODLAUNCHER]: Initializing transformers for transformation service fml
[14Sep2026 05:07:55.501] [main/DEBUG] [cpw.mods.modlauncher.TransformationServiceDecorator/MODLAUNCHER]: Initialized transformers for transformation service fml
[14Sep2026 05:07:55.501] [main/DEBUG] [cpw.mods.modlauncher.TransformationServiceDecorator/MODLAUNCHER]: Initializing transformers for transformation service forge
[14Sep2026 05:07:55.518] [main/DEBUG] [cpw.mods.modlauncher.TransformStore/MODLAUNCHER]: Adding transformer FieldToMethodTransformer[className=net.minecraft.world.level.block.LiquidBlock, fields={fluid=getFluid}] to Target : CLASS {Lnet/minecraft/world/level/block/LiquidBlock;} {} {V}
[14Sep2026 05:07:55.519] [main/DEBUG] [cpw.mods.modlauncher.TransformStore/MODLAUNCHER]: Adding transformer FieldToMethodTransformer[className=net.minecraft.world.level.block.FlowerPotBlock, fields={potted=getPotted}] to Target : CLASS {Lnet/minecraft/world/level/block/FlowerPotBlock;} {} {V}
[14Sep2026 05:07:55.519] [main/DEBUG] [cpw.mods.modlauncher.TransformStore/MODLAUNCHER]: Adding transformer FieldToMethodTransformer[className=net.minecraft.world.level.biome.Biome, fields={specialEffects=getModifiedSpecialEffects, climateSettings=getModifiedClimateSettings}] to Target : CLASS {Lnet/minecraft/world/level/biome/Biome;} {} {V}
[14Sep2026 05:07:55.519] [main/DEBUG] [cpw.mods.modlauncher.TransformStore/MODLAUNCHER]: Adding transformer FieldToMethodTransformer[className=net.minecraft.world.item.BucketItem, fields={content=getFluid}] to Target : CLASS {Lnet/minecraft/world/item/BucketItem;} {} {V}
[14Sep2026 05:07:55.520] [main/DEBUG] [cpw.mods.modlauncher.TransformStore/MODLAUNCHER]: Adding transformer FieldToMethodTransformer[className=net.minecraft.world.effect.MobEffectInstance, fields={effect=getEffect}] to Target : CLASS {Lnet/minecraft/world/effect/MobEffectInstance;} {} {V}
[14Sep2026 05:07:55.523] [main/DEBUG] [cpw.mods.modlauncher.TransformStore/MODLAUNCHER]: Adding transformer MethodRedirector[] to Target : CLASS {Lnet/minecraft/world/level/levelgen/structure/structures/OceanRuinPieces$OceanRuinPiece;} {} {V}
[14Sep2026 05:07:55.523] [main/DEBUG] [cpw.mods.modlauncher.TransformStore/MODLAUNCHER]: Adding transformer MethodRedirector[] to Target : CLASS {Lnet/minecraft/gametest/framework/GameTestEntityBuilder;} {} {V}
[14Sep2026 05:07:55.523] [main/DEBUG] [cpw.mods.modlauncher.TransformStore/MODLAUNCHER]: Adding transformer MethodRedirector[] to Target : CLASS {Lnet/minecraft/world/entity/monster/zombie/Zombie;} {} {V}
[14Sep2026 05:07:55.523] [main/DEBUG] [cpw.mods.modlauncher.TransformStore/MODLAUNCHER]: Adding transformer MethodRedirector[] to Target : CLASS {Lnet/minecraft/world/entity/monster/zombie/Drowned;} {} {V}
[14Sep2026 05:07:55.523] [main/DEBUG] [cpw.mods.modlauncher.TransformStore/MODLAUNCHER]: Adding transformer MethodRedirector[] to Target : CLASS {Lnet/minecraft/world/entity/EntityType;} {} {V}
[14Sep2026 05:07:55.523] [main/DEBUG] [cpw.mods.modlauncher.TransformStore/MODLAUNCHER]: Adding transformer MethodRedirector[] to Target : CLASS {Lnet/minecraft/world/level/levelgen/structure/structures/OceanMonumentPieces$OceanMonumentPiece;} {} {V}
[14Sep2026 05:07:55.524] [main/DEBUG] [cpw.mods.modlauncher.TransformStore/MODLAUNCHER]: Adding transformer MethodRedirector[] to Target : CLASS {Lnet/minecraft/world/level/levelgen/structure/structures/SwampHutPiece;} {} {V}
[14Sep2026 05:07:55.524] [main/DEBUG] [cpw.mods.modlauncher.TransformStore/MODLAUNCHER]: Adding transformer MethodRedirector[] to Target : CLASS {Lnet/minecraft/server/commands/RaidCommand;} {} {V}
[14Sep2026 05:07:55.524] [main/DEBUG] [cpw.mods.modlauncher.TransformStore/MODLAUNCHER]: Adding transformer MethodRedirector[] to Target : CLASS {Lnet/minecraft/world/entity/npc/CatSpawner;} {} {V}
[14Sep2026 05:07:55.525] [main/DEBUG] [cpw.mods.modlauncher.TransformStore/MODLAUNCHER]: Adding transformer MethodRedirector[] to Target : CLASS {Lnet/minecraft/world/level/block/entity/trialspawner/TrialSpawner;} {} {V}
[14Sep2026 05:07:55.525] [main/DEBUG] [cpw.mods.modlauncher.TransformStore/MODLAUNCHER]: Adding transformer MethodRedirector[] to Target : CLASS {Lnet/minecraft/world/entity/raid/Raid;} {} {V}
[14Sep2026 05:07:55.525] [main/DEBUG] [cpw.mods.modlauncher.TransformStore/MODLAUNCHER]: Adding transformer MethodRedirector[] to Target : CLASS {Lnet/minecraft/world/entity/ai/village/VillageSiege;} {} {V}
[14Sep2026 05:07:55.525] [main/DEBUG] [cpw.mods.modlauncher.TransformStore/MODLAUNCHER]: Adding transformer MethodRedirector[] to Target : CLASS {Lnet/minecraft/world/entity/monster/Strider;} {} {V}
[14Sep2026 05:07:55.525] [main/DEBUG] [cpw.mods.modlauncher.TransformStore/MODLAUNCHER]: Adding transformer MethodRedirector[] to Target : CLASS {Lnet/minecraft/world/entity/monster/illager/Evoker$EvokerSummonSpellGoal;} {} {V}
[14Sep2026 05:07:55.525] [main/DEBUG] [cpw.mods.modlauncher.TransformStore/MODLAUNCHER]: Adding transformer MethodRedirector[] to Target : CLASS {Lnet/minecraft/world/entity/monster/zombie/Husk;} {} {V}
[14Sep2026 05:07:55.525] [main/DEBUG] [cpw.mods.modlauncher.TransformStore/MODLAUNCHER]: Adding transformer MethodRedirector[] to Target : CLASS {Lnet/minecraft/server/commands/SummonCommand;} {} {V}
[14Sep2026 05:07:55.525] [main/DEBUG] [cpw.mods.modlauncher.TransformStore/MODLAUNCHER]: Adding transformer MethodRedirector[] to Target : CLASS {Lnet/minecraft/world/entity/animal/equine/ZombieHorse;} {} {V}
[14Sep2026 05:07:55.525] [main/DEBUG] [cpw.mods.modlauncher.TransformStore/MODLAUNCHER]: Adding transformer MethodRedirector[] to Target : CLASS {Lnet/minecraft/world/level/levelgen/PhantomSpawner;} {} {V}
[14Sep2026 05:07:55.525] [main/DEBUG] [cpw.mods.modlauncher.TransformStore/MODLAUNCHER]: Adding transformer MethodRedirector[] to Target : CLASS {Lnet/minecraft/world/entity/monster/spider/Spider;} {} {V}
[14Sep2026 05:07:55.525] [main/DEBUG] [cpw.mods.modlauncher.TransformStore/MODLAUNCHER]: Adding transformer MethodRedirector[] to Target : CLASS {Lnet/minecraft/world/level/NaturalSpawner;} {} {V}
[14Sep2026 05:07:55.525] [main/DEBUG] [cpw.mods.modlauncher.TransformStore/MODLAUNCHER]: Adding transformer MethodRedirector[] to Target : CLASS {Lnet/minecraft/world/level/levelgen/PatrolSpawner;} {} {V}
[14Sep2026 05:07:55.528] [main/DEBUG] [cpw.mods.modlauncher.TransformStore/MODLAUNCHER]: Adding transformer MethodRedirector[] to Target : CLASS {Lnet/minecraft/world/entity/animal/equine/SkeletonTrapGoal;} {} {V}
[14Sep2026 05:07:55.528] [main/DEBUG] [cpw.mods.modlauncher.TransformStore/MODLAUNCHER]: Adding transformer MethodRedirector[] to Target : CLASS {Lnet/minecraft/world/level/levelgen/structure/structures/WoodlandMansionPieces$WoodlandMansionPiece;} {} {V}
[14Sep2026 05:07:55.528] [main/DEBUG] [cpw.mods.modlauncher.TransformationServiceDecorator/MODLAUNCHER]: Initialized transformers for transformation service forge
[14Sep2026 05:07:55.563] [main/DEBUG] [mixin/]: Processing prepare() for PlatformAgent[MixinPlatformAgentDefault:ModLauncher Root Container(ModLauncher:4f56a0a2)]
[14Sep2026 05:07:55.564] [main/DEBUG] [mixin/]: Processing launch tasks for PlatformAgent[MixinPlatformAgentDefault:ModLauncher Root Container(ModLauncher:4f56a0a2)]
[14Sep2026 05:07:55.565] [main/DEBUG] [mixin/]: Adding mixin platform agents for container SecureJarResource(mixin.synthetic)
[14Sep2026 05:07:55.566] [main/DEBUG] [mixin/]: Instancing new MixinPlatformAgentMinecraftForge for SecureJarResource(mixin.synthetic)
[14Sep2026 05:07:55.566] [main/DEBUG] [mixin/]: MixinPlatformAgentMinecraftForge rejected container SecureJarResource(mixin.synthetic)
[14Sep2026 05:07:55.566] [main/DEBUG] [mixin/]: Instancing new MixinPlatformAgentDefault for SecureJarResource(mixin.synthetic)
[14Sep2026 05:07:55.566] [main/DEBUG] [mixin/]: MixinPlatformAgentDefault accepted container SecureJarResource(mixin.synthetic)
[14Sep2026 05:07:55.566] [main/DEBUG] [mixin/]: Processing prepare() for PlatformAgent[MixinPlatformAgentDefault:SecureJarResource(mixin.synthetic)]
[14Sep2026 05:07:55.566] [main/DEBUG] [mixin/]: Adding mixin platform agents for container SecureJarResource(minecraft)
[14Sep2026 05:07:55.566] [main/DEBUG] [mixin/]: Instancing new MixinPlatformAgentMinecraftForge for SecureJarResource(minecraft)
[14Sep2026 05:07:55.566] [main/DEBUG] [mixin/]: MixinPlatformAgentMinecraftForge rejected container SecureJarResource(minecraft)
[14Sep2026 05:07:55.566] [main/DEBUG] [mixin/]: Instancing new MixinPlatformAgentDefault for SecureJarResource(minecraft)
[14Sep2026 05:07:55.566] [main/DEBUG] [mixin/]: MixinPlatformAgentDefault accepted container SecureJarResource(minecraft)
[14Sep2026 05:07:55.566] [main/DEBUG] [mixin/]: Processing prepare() for PlatformAgent[MixinPlatformAgentDefault:SecureJarResource(minecraft)]
[14Sep2026 05:07:55.566] [main/DEBUG] [mixin/]: Adding mixin platform agents for container SecureJarResource(net.minecraftforge.forge)
[14Sep2026 05:07:55.567] [main/DEBUG] [mixin/]: Instancing new MixinPlatformAgentMinecraftForge for SecureJarResource(net.minecraftforge.forge)
[14Sep2026 05:07:55.567] [main/DEBUG] [mixin/]: MixinPlatformAgentMinecraftForge rejected container SecureJarResource(net.minecraftforge.forge)
[14Sep2026 05:07:55.567] [main/DEBUG] [mixin/]: Instancing new MixinPlatformAgentDefault for SecureJarResource(net.minecraftforge.forge)
[14Sep2026 05:07:55.567] [main/DEBUG] [mixin/]: MixinPlatformAgentDefault accepted container SecureJarResource(net.minecraftforge.forge)
[14Sep2026 05:07:55.567] [main/DEBUG] [mixin/]: Processing prepare() for PlatformAgent[MixinPlatformAgentDefault:SecureJarResource(net.minecraftforge.forge)]
[14Sep2026 05:07:55.567] [main/DEBUG] [mixin/]: inject() running with 4 agents
[14Sep2026 05:07:55.567] [main/DEBUG] [mixin/]: Processing inject() for PlatformAgent[MixinPlatformAgentDefault:ModLauncher Root Container(ModLauncher:4f56a0a2)]
[14Sep2026 05:07:55.567] [main/DEBUG] [mixin/]: Processing inject() for PlatformAgent[MixinPlatformAgentDefault:SecureJarResource(mixin.synthetic)]
[14Sep2026 05:07:55.567] [main/DEBUG] [mixin/]: Processing inject() for PlatformAgent[MixinPlatformAgentDefault:SecureJarResource(minecraft)]
[14Sep2026 05:07:55.567] [main/DEBUG] [mixin/]: Processing inject() for PlatformAgent[MixinPlatformAgentDefault:SecureJarResource(net.minecraftforge.forge)]
[14Sep2026 05:07:55.567] [main/INFO] [cpw.mods.modlauncher.LaunchServiceHandler/MODLAUNCHER]: Launching target 'forge_server' with arguments [nogui]
[14Sep2026 05:07:55.640] [main/DEBUG] [mixin/]: Preparing mixins for MixinEnvironment[DEFAULT]
[14Sep2026 05:07:55.689] [main/DEBUG] [io.netty.util.internal.logging.InternalLoggerFactory/]: Using SLF4J as the default logging framework
[14Sep2026 05:07:55.691] [main/DEBUG] [io.netty.util.ResourceLeakDetector/]: -Dio.netty.leakDetection.level: simple
[14Sep2026 05:07:55.691] [main/DEBUG] [io.netty.util.ResourceLeakDetector/]: -Dio.netty.leakDetection.targetRecords: 4
[14Sep2026 05:07:56.234] [main/DEBUG] [oshi.util.FileUtil/]: Reading file /proc/self/auxv
[14Sep2026 05:07:56.235] [main/DEBUG] [oshi.util.FileUtil/]: Reading file /proc/self/auxv
[14Sep2026 05:07:56.247] [main/DEBUG] [oshi.util.FileUtil/]: Reading file /proc/stat
[14Sep2026 05:07:56.252] [main/DEBUG] [oshi.util.FileUtil/]: Reading file /sys/devices/system/cpu/cpu0/topology/core_id
[14Sep2026 05:07:56.255] [main/DEBUG] [oshi.util.FileUtil/]: Reading file /sys/devices/system/cpu/cpu0/topology/core_id
[14Sep2026 05:07:56.255] [main/DEBUG] [oshi.util.FileUtil/]: Reading file /sys/devices/system/cpu/cpu0/topology/physical_package_id
[14Sep2026 05:07:56.256] [main/DEBUG] [oshi.util.FileUtil/]: Reading file /sys/devices/system/cpu/cpu0/topology/physical_package_id
[14Sep2026 05:07:56.256] [main/DEBUG] [oshi.util.FileUtil/]: Reading file /sys/devices/system/cpu/cpu0/cpu_capacity
[14Sep2026 05:07:56.261] [main/DEBUG] [oshi.util.FileUtil/]: Reading file /sys/devices/system/cpu/cpu0/cache/index2/level
[14Sep2026 05:07:56.261] [main/DEBUG] [oshi.util.FileUtil/]: Reading file /sys/devices/system/cpu/cpu0/cache/index2/level
[14Sep2026 05:07:56.261] [main/DEBUG] [oshi.util.FileUtil/]: Reading file /sys/devices/system/cpu/cpu0/cache/index2/type
[14Sep2026 05:07:56.261] [main/DEBUG] [oshi.util.FileUtil/]: Reading file /sys/devices/system/cpu/cpu0/cache/index2/type
[14Sep2026 05:07:56.262] [main/DEBUG] [oshi.util.FileUtil/]: Reading file /sys/devices/system/cpu/cpu0/cache/index2/ways_of_associativity
[14Sep2026 05:07:56.265] [main/DEBUG] [oshi.util.FileUtil/]: Reading file /sys/devices/system/cpu/cpu0/cache/index2/ways_of_associativity
[14Sep2026 05:07:56.265] [main/DEBUG] [oshi.util.FileUtil/]: Reading file /sys/devices/system/cpu/cpu0/cache/index2/coherency_line_size
[14Sep2026 05:07:56.265] [main/DEBUG] [oshi.util.FileUtil/]: Reading file /sys/devices/system/cpu/cpu0/cache/index2/coherency_line_size
[14Sep2026 05:07:56.265] [main/DEBUG] [oshi.util.FileUtil/]: Reading file /sys/devices/system/cpu/cpu0/cache/index2/size
[14Sep2026 05:07:56.265] [main/DEBUG] [oshi.util.FileUtil/]: Reading file /sys/devices/system/cpu/cpu0/cache/index2/size
[14Sep2026 05:07:56.266] [main/DEBUG] [oshi.util.FileUtil/]: Reading file /sys/devices/system/cpu/cpu0/cache/index0/level
[14Sep2026 05:07:56.266] [main/DEBUG] [oshi.util.FileUtil/]: Reading file /sys/devices/system/cpu/cpu0/cache/index0/level
[14Sep2026 05:07:56.266] [main/DEBUG] [oshi.util.FileUtil/]: Reading file /sys/devices/system/cpu/cpu0/cache/index0/type
[14Sep2026 05:07:56.266] [main/DEBUG] [oshi.util.FileUtil/]: Reading file /sys/devices/system/cpu/cpu0/cache/index0/type
[14Sep2026 05:07:56.267] [main/DEBUG] [oshi.util.FileUtil/]: Reading file /sys/devices/system/cpu/cpu0/cache/index0/ways_of_associativity
[14Sep2026 05:07:56.267] [main/DEBUG] [oshi.util.FileUtil/]: Reading file /sys/devices/system/cpu/cpu0/cache/index0/ways_of_associativity
[14Sep2026 05:07:56.267] [main/DEBUG] [oshi.util.FileUtil/]: Reading file /sys/devices/system/cpu/cpu0/cache/index0/coherency_line_size
[14Sep2026 05:07:56.267] [main/DEBUG] [oshi.util.FileUtil/]: Reading file /sys/devices/system/cpu/cpu0/cache/index0/coherency_line_size
[14Sep2026 05:07:56.267] [main/DEBUG] [oshi.util.FileUtil/]: Reading file /sys/devices/system/cpu/cpu0/cache/index0/size
[14Sep2026 05:07:56.267] [main/DEBUG] [oshi.util.FileUtil/]: Reading file /sys/devices/system/cpu/cpu0/cache/index0/size
[14Sep2026 05:07:56.268] [main/DEBUG] [oshi.util.FileUtil/]: Reading file /sys/devices/system/cpu/cpu0/cache/index3/level
[14Sep2026 05:07:56.271] [main/DEBUG] [oshi.util.FileUtil/]: Reading file /sys/devices/system/cpu/cpu0/cache/index3/level
[14Sep2026 05:07:56.271] [main/DEBUG] [oshi.util.FileUtil/]: Reading file /sys/devices/system/cpu/cpu0/cache/index3/type
[14Sep2026 05:07:56.271] [main/DEBUG] [oshi.util.FileUtil/]: Reading file /sys/devices/system/cpu/cpu0/cache/index3/type
[14Sep2026 05:07:56.271] [main/DEBUG] [oshi.util.FileUtil/]: Reading file /sys/devices/system/cpu/cpu0/cache/index3/ways_of_associativity
[14Sep2026 05:07:56.271] [main/DEBUG] [oshi.util.FileUtil/]: Reading file /sys/devices/system/cpu/cpu0/cache/index3/ways_of_associativity
[14Sep2026 05:07:56.272] [main/DEBUG] [oshi.util.FileUtil/]: Reading file /sys/devices/system/cpu/cpu0/cache/index3/coherency_line_size
[14Sep2026 05:07:56.272] [main/DEBUG] [oshi.util.FileUtil/]: Reading file /sys/devices/system/cpu/cpu0/cache/index3/coherency_line_size
[14Sep2026 05:07:56.272] [main/DEBUG] [oshi.util.FileUtil/]: Reading file /sys/devices/system/cpu/cpu0/cache/index3/size
[14Sep2026 05:07:56.272] [main/DEBUG] [oshi.util.FileUtil/]: Reading file /sys/devices/system/cpu/cpu0/cache/index3/size
[14Sep2026 05:07:56.272] [main/DEBUG] [oshi.util.FileUtil/]: Reading file /sys/devices/system/cpu/cpu0/cache/index1/level
[14Sep2026 05:07:56.272] [main/DEBUG] [oshi.util.FileUtil/]: Reading file /sys/devices/system/cpu/cpu0/cache/index1/level
[14Sep2026 05:07:56.272] [main/DEBUG] [oshi.util.FileUtil/]: Reading file /sys/devices/system/cpu/cpu0/cache/index1/type
[14Sep2026 05:07:56.272] [main/DEBUG] [oshi.util.FileUtil/]: Reading file /sys/devices/system/cpu/cpu0/cache/index1/type
[14Sep2026 05:07:56.273] [main/DEBUG] [oshi.util.FileUtil/]: Reading file /sys/devices/system/cpu/cpu0/cache/index1/ways_of_associativity
[14Sep2026 05:07:56.273] [main/DEBUG] [oshi.util.FileUtil/]: Reading file /sys/devices/system/cpu/cpu0/cache/index1/ways_of_associativity
[14Sep2026 05:07:56.273] [main/DEBUG] [oshi.util.FileUtil/]: Reading file /sys/devices/system/cpu/cpu0/cache/index1/coherency_line_size
[14Sep2026 05:07:56.273] [main/DEBUG] [oshi.util.FileUtil/]: Reading file /sys/devices/system/cpu/cpu0/cache/index1/coherency_line_size
[14Sep2026 05:07:56.273] [main/DEBUG] [oshi.util.FileUtil/]: Reading file /sys/devices/system/cpu/cpu0/cache/index1/size
[14Sep2026 05:07:56.273] [main/DEBUG] [oshi.util.FileUtil/]: Reading file /sys/devices/system/cpu/cpu0/cache/index1/size
[14Sep2026 05:07:56.274] [main/DEBUG] [oshi.util.FileUtil/]: Reading file /sys/devices/system/cpu/cpu1/topology/core_id
[14Sep2026 05:07:56.276] [main/DEBUG] [oshi.util.FileUtil/]: Reading file /sys/devices/system/cpu/cpu1/topology/core_id
[14Sep2026 05:07:56.276] [main/DEBUG] [oshi.util.FileUtil/]: Reading file /sys/devices/system/cpu/cpu1/topology/physical_package_id
[14Sep2026 05:07:56.276] [main/DEBUG] [oshi.util.FileUtil/]: Reading file /sys/devices/system/cpu/cpu1/topology/physical_package_id
[14Sep2026 05:07:56.276] [main/DEBUG] [oshi.util.FileUtil/]: Reading file /sys/devices/system/cpu/cpu1/cpu_capacity
[14Sep2026 05:07:56.276] [main/DEBUG] [oshi.util.FileUtil/]: Reading file /sys/devices/system/cpu/cpu1/cache/index2/level
[14Sep2026 05:07:56.278] [main/DEBUG] [oshi.util.FileUtil/]: Reading file /sys/devices/system/cpu/cpu1/cache/index2/level
[14Sep2026 05:07:56.278] [main/DEBUG] [oshi.util.FileUtil/]: Reading file /sys/devices/system/cpu/cpu1/cache/index2/type
[14Sep2026 05:07:56.278] [main/DEBUG] [oshi.util.FileUtil/]: Reading file /sys/devices/system/cpu/cpu1/cache/index2/type
[14Sep2026 05:07:56.278] [main/DEBUG] [oshi.util.FileUtil/]: Reading file /sys/devices/system/cpu/cpu1/cache/index2/ways_of_associativity
[14Sep2026 05:07:56.278] [main/DEBUG] [oshi.util.FileUtil/]: Reading file /sys/devices/system/cpu/cpu1/cache/index2/ways_of_associativity
[14Sep2026 05:07:56.279] [main/DEBUG] [oshi.util.FileUtil/]: Reading file /sys/devices/system/cpu/cpu1/cache/index2/coherency_line_size
[14Sep2026 05:07:56.279] [main/DEBUG] [oshi.util.FileUtil/]: Reading file /sys/devices/system/cpu/cpu1/cache/index2/coherency_line_size
[14Sep2026 05:07:56.279] [main/DEBUG] [oshi.util.FileUtil/]: Reading file /sys/devices/system/cpu/cpu1/cache/index2/size
[14Sep2026 05:07:56.282] [main/DEBUG] [oshi.util.FileUtil/]: Reading file /sys/devices/system/cpu/cpu1/cache/index2/size
[14Sep2026 05:07:56.282] [main/DEBUG] [oshi.util.FileUtil/]: Reading file /sys/devices/system/cpu/cpu1/cache/index0/level
[14Sep2026 05:07:56.282] [main/DEBUG] [oshi.util.FileUtil/]: Reading file /sys/devices/system/cpu/cpu1/cache/index0/level
[14Sep2026 05:07:56.283] [main/DEBUG] [oshi.util.FileUtil/]: Reading file /sys/devices/system/cpu/cpu1/cache/index0/type
[14Sep2026 05:07:56.283] [main/DEBUG] [oshi.util.FileUtil/]: Reading file /sys/devices/system/cpu/cpu1/cache/index0/type
[14Sep2026 05:07:56.283] [main/DEBUG] [oshi.util.FileUtil/]: Reading file /sys/devices/system/cpu/cpu1/cache/index0/ways_of_associativity
[14Sep2026 05:07:56.283] [main/DEBUG] [oshi.util.FileUtil/]: Reading file /sys/devices/system/cpu/cpu1/cache/index0/ways_of_associativity
[14Sep2026 05:07:56.283] [main/DEBUG] [oshi.util.FileUtil/]: Reading file /sys/devices/system/cpu/cpu1/cache/index0/coherency_line_size
[14Sep2026 05:07:56.283] [main/DEBUG] [oshi.util.FileUtil/]: Reading file /sys/devices/system/cpu/cpu1/cache/index0/coherency_line_size
[14Sep2026 05:07:56.283] [main/DEBUG] [oshi.util.FileUtil/]: Reading file /sys/devices/system/cpu/cpu1/cache/index0/size
[14Sep2026 05:07:56.283] [main/DEBUG] [oshi.util.FileUtil/]: Reading file /sys/devices/system/cpu/cpu1/cache/index0/size
[14Sep2026 05:07:56.284] [main/DEBUG] [oshi.util.FileUtil/]: Reading file /sys/devices/system/cpu/cpu1/cache/index3/level
[14Sep2026 05:07:56.284] [main/DEBUG] [oshi.util.FileUtil/]: Reading file /sys/devices/system/cpu/cpu1/cache/index3/level
[14Sep2026 05:07:56.284] [main/DEBUG] [oshi.util.FileUtil/]: Reading file /sys/devices/system/cpu/cpu1/cache/index3/type
[14Sep2026 05:07:56.284] [main/DEBUG] [oshi.util.FileUtil/]: Reading file /sys/devices/system/cpu/cpu1/cache/index3/type
[14Sep2026 05:07:56.284] [main/DEBUG] [oshi.util.FileUtil/]: Reading file /sys/devices/system/cpu/cpu1/cache/index3/ways_of_associativity
[14Sep2026 05:07:56.284] [main/DEBUG] [oshi.util.FileUtil/]: Reading file /sys/devices/system/cpu/cpu1/cache/index3/ways_of_associativity
[14Sep2026 05:07:56.284] [main/DEBUG] [oshi.util.FileUtil/]: Reading file /sys/devices/system/cpu/cpu1/cache/index3/coherency_line_size
[14Sep2026 05:07:56.284] [main/DEBUG] [oshi.util.FileUtil/]: Reading file /sys/devices/system/cpu/cpu1/cache/index3/coherency_line_size
[14Sep2026 05:07:56.285] [main/DEBUG] [oshi.util.FileUtil/]: Reading file /sys/devices/system/cpu/cpu1/cache/index3/size
[14Sep2026 05:07:56.285] [main/DEBUG] [oshi.util.FileUtil/]: Reading file /sys/devices/system/cpu/cpu1/cache/index3/size
[14Sep2026 05:07:56.285] [main/DEBUG] [oshi.util.FileUtil/]: Reading file /sys/devices/system/cpu/cpu1/cache/index1/level
[14Sep2026 05:07:56.286] [main/DEBUG] [oshi.util.FileUtil/]: Reading file /sys/devices/system/cpu/cpu1/cache/index1/level
[14Sep2026 05:07:56.287] [main/DEBUG] [oshi.util.FileUtil/]: Reading file /sys/devices/system/cpu/cpu1/cache/index1/type
[14Sep2026 05:07:56.287] [main/DEBUG] [oshi.util.FileUtil/]: Reading file /sys/devices/system/cpu/cpu1/cache/index1/type
[14Sep2026 05:07:56.287] [main/DEBUG] [oshi.util.FileUtil/]: Reading file /sys/devices/system/cpu/cpu1/cache/index1/ways_of_associativity
[14Sep2026 05:07:56.287] [main/DEBUG] [oshi.util.FileUtil/]: Reading file /sys/devices/system/cpu/cpu1/cache/index1/ways_of_associativity
[14Sep2026 05:07:56.287] [main/DEBUG] [oshi.util.FileUtil/]: Reading file /sys/devices/system/cpu/cpu1/cache/index1/coherency_line_size
[14Sep2026 05:07:56.287] [main/DEBUG] [oshi.util.FileUtil/]: Reading file /sys/devices/system/cpu/cpu1/cache/index1/coherency_line_size
[14Sep2026 05:07:56.288] [main/DEBUG] [oshi.util.FileUtil/]: Reading file /sys/devices/system/cpu/cpu1/cache/index1/size
[14Sep2026 05:07:56.288] [main/DEBUG] [oshi.util.FileUtil/]: Reading file /sys/devices/system/cpu/cpu1/cache/index1/size
[14Sep2026 05:07:56.288] [main/DEBUG] [oshi.util.FileUtil/]: Reading file /sys/devices/system/cpu/cpu2/topology/core_id
[14Sep2026 05:07:56.291] [main/DEBUG] [oshi.util.FileUtil/]: Reading file /sys/devices/system/cpu/cpu2/topology/core_id
[14Sep2026 05:07:56.291] [main/DEBUG] [oshi.util.FileUtil/]: Reading file /sys/devices/system/cpu/cpu2/topology/physical_package_id
[14Sep2026 05:07:56.291] [main/DEBUG] [oshi.util.FileUtil/]: Reading file /sys/devices/system/cpu/cpu2/topology/physical_package_id
[14Sep2026 05:07:56.291] [main/DEBUG] [oshi.util.FileUtil/]: Reading file /sys/devices/system/cpu/cpu2/cpu_capacity
[14Sep2026 05:07:56.292] [main/DEBUG] [oshi.util.FileUtil/]: Reading file /sys/devices/system/cpu/cpu2/cache/index2/level
[14Sep2026 05:07:56.292] [main/DEBUG] [oshi.util.FileUtil/]: Reading file /sys/devices/system/cpu/cpu2/cache/index2/level
[14Sep2026 05:07:56.292] [main/DEBUG] [oshi.util.FileUtil/]: Reading file /sys/devices/system/cpu/cpu2/cache/index2/type
[14Sep2026 05:07:56.292] [main/DEBUG] [oshi.util.FileUtil/]: Reading file /sys/devices/system/cpu/cpu2/cache/index2/type
[14Sep2026 05:07:56.292] [main/DEBUG] [oshi.util.FileUtil/]: Reading file /sys/devices/system/cpu/cpu2/cache/index2/ways_of_associativity
[14Sep2026 05:07:56.292] [main/DEBUG] [oshi.util.FileUtil/]: Reading file /sys/devices/system/cpu/cpu2/cache/index2/ways_of_associativity
[14Sep2026 05:07:56.292] [main/DEBUG] [oshi.util.FileUtil/]: Reading file /sys/devices/system/cpu/cpu2/cache/index2/coherency_line_size
[14Sep2026 05:07:56.293] [main/DEBUG] [oshi.util.FileUtil/]: Reading file /sys/devices/system/cpu/cpu2/cache/index2/coherency_line_size
[14Sep2026 05:07:56.293] [main/DEBUG] [oshi.util.FileUtil/]: Reading file /sys/devices/system/cpu/cpu2/cache/index2/size
[14Sep2026 05:07:56.296] [main/DEBUG] [oshi.util.FileUtil/]: Reading file /sys/devices/system/cpu/cpu2/cache/index2/size
[14Sep2026 05:07:56.296] [main/DEBUG] [oshi.util.FileUtil/]: Reading file /sys/devices/system/cpu/cpu2/cache/index0/level
[14Sep2026 05:07:56.296] [main/DEBUG] [oshi.util.FileUtil/]: Reading file /sys/devices/system/cpu/cpu2/cache/index0/level
[14Sep2026 05:07:56.296] [main/DEBUG] [oshi.util.FileUtil/]: Reading file /sys/devices/system/cpu/cpu2/cache/index0/type
[14Sep2026 05:07:56.297] [main/DEBUG] [oshi.util.FileUtil/]: Reading file /sys/devices/system/cpu/cpu2/cache/index0/type
[14Sep2026 05:07:56.297] [main/DEBUG] [oshi.util.FileUtil/]: Reading file /sys/devices/system/cpu/cpu2/cache/index0/ways_of_associativity
[14Sep2026 05:07:56.297] [main/DEBUG] [oshi.util.FileUtil/]: Reading file /sys/devices/system/cpu/cpu2/cache/index0/ways_of_associativity
[14Sep2026 05:07:56.297] [main/DEBUG] [oshi.util.FileUtil/]: Reading file /sys/devices/system/cpu/cpu2/cache/index0/coherency_line_size
[14Sep2026 05:07:56.297] [main/DEBUG] [oshi.util.FileUtil/]: Reading file /sys/devices/system/cpu/cpu2/cache/index0/coherency_line_size
[14Sep2026 05:07:56.297] [main/DEBUG] [oshi.util.FileUtil/]: Reading file /sys/devices/system/cpu/cpu2/cache/index0/size
[14Sep2026 05:07:56.297] [main/DEBUG] [oshi.util.FileUtil/]: Reading file /sys/devices/system/cpu/cpu2/cache/index0/size
[14Sep2026 05:07:56.297] [main/DEBUG] [oshi.util.FileUtil/]: Reading file /sys/devices/system/cpu/cpu2/cache/index3/level
[14Sep2026 05:07:56.297] [main/DEBUG] [oshi.util.FileUtil/]: Reading file /sys/devices/system/cpu/cpu2/cache/index3/level
[14Sep2026 05:07:56.298] [main/DEBUG] [oshi.util.FileUtil/]: Reading file /sys/devices/system/cpu/cpu2/cache/index3/type
[14Sep2026 05:07:56.298] [main/DEBUG] [oshi.util.FileUtil/]: Reading file /sys/devices/system/cpu/cpu2/cache/index3/type
[14Sep2026 05:07:56.298] [main/DEBUG] [oshi.util.FileUtil/]: Reading file /sys/devices/system/cpu/cpu2/cache/index3/ways_of_associativity
[14Sep2026 05:07:56.298] [main/DEBUG] [oshi.util.FileUtil/]: Reading file /sys/devices/system/cpu/cpu2/cache/index3/ways_of_associativity
[14Sep2026 05:07:56.298] [main/DEBUG] [oshi.util.FileUtil/]: Reading file /sys/devices/system/cpu/cpu2/cache/index3/coherency_line_size
[14Sep2026 05:07:56.298] [main/DEBUG] [oshi.util.FileUtil/]: Reading file /sys/devices/system/cpu/cpu2/cache/index3/coherency_line_size
[14Sep2026 05:07:56.298] [main/DEBUG] [oshi.util.FileUtil/]: Reading file /sys/devices/system/cpu/cpu2/cache/index3/size
[14Sep2026 05:07:56.298] [main/DEBUG] [oshi.util.FileUtil/]: Reading file /sys/devices/system/cpu/cpu2/cache/index3/size
[14Sep2026 05:07:56.298] [main/DEBUG] [oshi.util.FileUtil/]: Reading file /sys/devices/system/cpu/cpu2/cache/index1/level
[14Sep2026 05:07:56.298] [main/DEBUG] [oshi.util.FileUtil/]: Reading file /sys/devices/system/cpu/cpu2/cache/index1/level
[14Sep2026 05:07:56.298] [main/DEBUG] [oshi.util.FileUtil/]: Reading file /sys/devices/system/cpu/cpu2/cache/index1/type
[14Sep2026 05:07:56.298] [main/DEBUG] [oshi.util.FileUtil/]: Reading file /sys/devices/system/cpu/cpu2/cache/index1/type
[14Sep2026 05:07:56.298] [main/DEBUG] [oshi.util.FileUtil/]: Reading file /sys/devices/system/cpu/cpu2/cache/index1/ways_of_associativity
[14Sep2026 05:07:56.299] [main/DEBUG] [oshi.util.FileUtil/]: Reading file /sys/devices/system/cpu/cpu2/cache/index1/ways_of_associativity
[14Sep2026 05:07:56.299] [main/DEBUG] [oshi.util.FileUtil/]: Reading file /sys/devices/system/cpu/cpu2/cache/index1/coherency_line_size
[14Sep2026 05:07:56.299] [main/DEBUG] [oshi.util.FileUtil/]: Reading file /sys/devices/system/cpu/cpu2/cache/index1/coherency_line_size
[14Sep2026 05:07:56.299] [main/DEBUG] [oshi.util.FileUtil/]: Reading file /sys/devices/system/cpu/cpu2/cache/index1/size
[14Sep2026 05:07:56.299] [main/DEBUG] [oshi.util.FileUtil/]: Reading file /sys/devices/system/cpu/cpu2/cache/index1/size
[14Sep2026 05:07:56.299] [main/DEBUG] [oshi.util.FileUtil/]: Reading file /sys/devices/system/cpu/cpu3/topology/core_id
[14Sep2026 05:07:56.300] [main/DEBUG] [oshi.util.FileUtil/]: Reading file /sys/devices/system/cpu/cpu3/topology/core_id
[14Sep2026 05:07:56.300] [main/DEBUG] [oshi.util.FileUtil/]: Reading file /sys/devices/system/cpu/cpu3/topology/physical_package_id
[14Sep2026 05:07:56.300] [main/DEBUG] [oshi.util.FileUtil/]: Reading file /sys/devices/system/cpu/cpu3/topology/physical_package_id
[14Sep2026 05:07:56.300] [main/DEBUG] [oshi.util.FileUtil/]: Reading file /sys/devices/system/cpu/cpu3/cpu_capacity
[14Sep2026 05:07:56.300] [main/DEBUG] [oshi.util.FileUtil/]: Reading file /sys/devices/system/cpu/cpu3/cache/index2/level
[14Sep2026 05:07:56.300] [main/DEBUG] [oshi.util.FileUtil/]: Reading file /sys/devices/system/cpu/cpu3/cache/index2/level
[14Sep2026 05:07:56.300] [main/DEBUG] [oshi.util.FileUtil/]: Reading file /sys/devices/system/cpu/cpu3/cache/index2/type
[14Sep2026 05:07:56.301] [main/DEBUG] [oshi.util.FileUtil/]: Reading file /sys/devices/system/cpu/cpu3/cache/index2/type
[14Sep2026 05:07:56.301] [main/DEBUG] [oshi.util.FileUtil/]: Reading file /sys/devices/system/cpu/cpu3/cache/index2/ways_of_associativity
[14Sep2026 05:07:56.301] [main/DEBUG] [oshi.util.FileUtil/]: Reading file /sys/devices/system/cpu/cpu3/cache/index2/ways_of_associativity
[14Sep2026 05:07:56.301] [main/DEBUG] [oshi.util.FileUtil/]: Reading file /sys/devices/system/cpu/cpu3/cache/index2/coherency_line_size
[14Sep2026 05:07:56.301] [main/DEBUG] [oshi.util.FileUtil/]: Reading file /sys/devices/system/cpu/cpu3/cache/index2/coherency_line_size
[14Sep2026 05:07:56.301] [main/DEBUG] [oshi.util.FileUtil/]: Reading file /sys/devices/system/cpu/cpu3/cache/index2/size
[14Sep2026 05:07:56.301] [main/DEBUG] [oshi.util.FileUtil/]: Reading file /sys/devices/system/cpu/cpu3/cache/index2/size
[14Sep2026 05:07:56.301] [main/DEBUG] [oshi.util.FileUtil/]: Reading file /sys/devices/system/cpu/cpu3/cache/index0/level
[14Sep2026 05:07:56.301] [main/DEBUG] [oshi.util.FileUtil/]: Reading file /sys/devices/system/cpu/cpu3/cache/index0/level
[14Sep2026 05:07:56.302] [main/DEBUG] [oshi.util.FileUtil/]: Reading file /sys/devices/system/cpu/cpu3/cache/index0/type
[14Sep2026 05:07:56.302] [main/DEBUG] [oshi.util.FileUtil/]: Reading file /sys/devices/system/cpu/cpu3/cache/index0/type
[14Sep2026 05:07:56.302] [main/DEBUG] [oshi.util.FileUtil/]: Reading file /sys/devices/system/cpu/cpu3/cache/index0/ways_of_associativity
[14Sep2026 05:07:56.302] [main/DEBUG] [oshi.util.FileUtil/]: Reading file /sys/devices/system/cpu/cpu3/cache/index0/ways_of_associativity
[14Sep2026 05:07:56.302] [main/DEBUG] [oshi.util.FileUtil/]: Reading file /sys/devices/system/cpu/cpu3/cache/index0/coherency_line_size
[14Sep2026 05:07:56.302] [main/DEBUG] [oshi.util.FileUtil/]: Reading file /sys/devices/system/cpu/cpu3/cache/index0/coherency_line_size
[14Sep2026 05:07:56.302] [main/DEBUG] [oshi.util.FileUtil/]: Reading file /sys/devices/system/cpu/cpu3/cache/index0/size
[14Sep2026 05:07:56.302] [main/DEBUG] [oshi.util.FileUtil/]: Reading file /sys/devices/system/cpu/cpu3/cache/index0/size
[14Sep2026 05:07:56.302] [main/DEBUG] [oshi.util.FileUtil/]: Reading file /sys/devices/system/cpu/cpu3/cache/index3/level
[14Sep2026 05:07:56.303] [main/DEBUG] [oshi.util.FileUtil/]: Reading file /sys/devices/system/cpu/cpu3/cache/index3/level
[14Sep2026 05:07:56.303] [main/DEBUG] [oshi.util.FileUtil/]: Reading file /sys/devices/system/cpu/cpu3/cache/index3/type
[14Sep2026 05:07:56.303] [main/DEBUG] [oshi.util.FileUtil/]: Reading file /sys/devices/system/cpu/cpu3/cache/index3/type
[14Sep2026 05:07:56.303] [main/DEBUG] [oshi.util.FileUtil/]: Reading file /sys/devices/system/cpu/cpu3/cache/index3/ways_of_associativity
[14Sep2026 05:07:56.303] [main/DEBUG] [oshi.util.FileUtil/]: Reading file /sys/devices/system/cpu/cpu3/cache/index3/ways_of_associativity
[14Sep2026 05:07:56.303] [main/DEBUG] [oshi.util.FileUtil/]: Reading file /sys/devices/system/cpu/cpu3/cache/index3/coherency_line_size
[14Sep2026 05:07:56.303] [main/DEBUG] [oshi.util.FileUtil/]: Reading file /sys/devices/system/cpu/cpu3/cache/index3/coherency_line_size
[14Sep2026 05:07:56.303] [main/DEBUG] [oshi.util.FileUtil/]: Reading file /sys/devices/system/cpu/cpu3/cache/index3/size
[14Sep2026 05:07:56.303] [main/DEBUG] [oshi.util.FileUtil/]: Reading file /sys/devices/system/cpu/cpu3/cache/index3/size
[14Sep2026 05:07:56.303] [main/DEBUG] [oshi.util.FileUtil/]: Reading file /sys/devices/system/cpu/cpu3/cache/index1/level
[14Sep2026 05:07:56.304] [main/DEBUG] [oshi.util.FileUtil/]: Reading file /sys/devices/system/cpu/cpu3/cache/index1/level
[14Sep2026 05:07:56.304] [main/DEBUG] [oshi.util.FileUtil/]: Reading file /sys/devices/system/cpu/cpu3/cache/index1/type
[14Sep2026 05:07:56.304] [main/DEBUG] [oshi.util.FileUtil/]: Reading file /sys/devices/system/cpu/cpu3/cache/index1/type
[14Sep2026 05:07:56.304] [main/DEBUG] [oshi.util.FileUtil/]: Reading file /sys/devices/system/cpu/cpu3/cache/index1/ways_of_associativity
[14Sep2026 05:07:56.304] [main/DEBUG] [oshi.util.FileUtil/]: Reading file /sys/devices/system/cpu/cpu3/cache/index1/ways_of_associativity
[14Sep2026 05:07:56.304] [main/DEBUG] [oshi.util.FileUtil/]: Reading file /sys/devices/system/cpu/cpu3/cache/index1/coherency_line_size
[14Sep2026 05:07:56.304] [main/DEBUG] [oshi.util.FileUtil/]: Reading file /sys/devices/system/cpu/cpu3/cache/index1/coherency_line_size
[14Sep2026 05:07:56.304] [main/DEBUG] [oshi.util.FileUtil/]: Reading file /sys/devices/system/cpu/cpu3/cache/index1/size
[14Sep2026 05:07:56.304] [main/DEBUG] [oshi.util.FileUtil/]: Reading file /sys/devices/system/cpu/cpu3/cache/index1/size
[14Sep2026 05:07:56.308] [main/DEBUG] [oshi.util.FileUtil/]: Reading file /proc/cpuinfo
[14Sep2026 05:07:56.309] [main/DEBUG] [oshi.util.FileUtil/]: Reading file /proc/cpuinfo
[14Sep2026 05:07:56.328] [main/DEBUG] [oshi.util.FileUtil/]: Reading file /proc/self/auxv
[14Sep2026 05:07:56.351] [main/DEBUG] [oshi.util.FileUtil/]: Reading file /proc/meminfo
[14Sep2026 05:07:56.352] [main/DEBUG] [oshi.util.FileUtil/]: Reading file /proc/meminfo
[14Sep2026 05:07:56.358] [main/DEBUG] [oshi.util.FileUtil/]: Reading file /etc/os-release
[14Sep2026 05:07:56.358] [main/DEBUG] [oshi.software.os.linux.LinuxOperatingSystem/]: os-release: NAME="Ubuntu"
[14Sep2026 05:07:56.358] [main/DEBUG] [oshi.software.os.linux.LinuxOperatingSystem/]: os-release: VERSION_ID="24.04"
[14Sep2026 05:07:56.358] [main/DEBUG] [oshi.software.os.linux.LinuxOperatingSystem/]: os-release: VERSION="24.04.4 LTS (Noble Numbat)"
[14Sep2026 05:07:56.359] [main/DEBUG] [oshi.util.FileUtil/]: Reading file /proc/version
[14Sep2026 05:07:56.363] [main/DEBUG] [oshi.util.FileUtil/]: Reading file /proc/4254/io
[14Sep2026 05:07:56.364] [main/DEBUG] [oshi.util.FileUtil/]: Reading file /proc/4254/io
[14Sep2026 05:07:56.365] [main/DEBUG] [oshi.util.FileUtil/]: Reading file /proc/4254/status
[14Sep2026 05:07:56.366] [main/DEBUG] [oshi.util.FileUtil/]: Reading file /proc/4254/status
[14Sep2026 05:07:56.366] [main/DEBUG] [oshi.util.FileUtil/]: Reading file /proc/4254/stat
[14Sep2026 05:07:56.368] [main/DEBUG] [oshi.util.FileUtil/]: Reading file /proc/4254/stat
[14Sep2026 05:07:56.369] [main/DEBUG] [oshi.util.FileUtil/]: Reading file /proc/self/stat
[14Sep2026 05:07:56.369] [main/DEBUG] [oshi.util.FileUtil/]: Reading file /proc/self/stat
[14Sep2026 05:07:56.859] [main/DEBUG] [net.minecraftforge.forge.transformers.MethodRedirector/]: Redirecting method call finalizeSpawn(Lnet/minecraft/world/level/ServerLevelAccessor;Lnet/minecraft/world/DifficultyInstance;Lnet/minecraft/world/entity/EntitySpawnReason;Lnet/minecraft/world/entity/SpawnGroupData;)Lnet/minecraft/world/entity/SpawnGroupData; to onFinalizeSpawn(Lnet/minecraft/world/entity/Mob;Lnet/minecraft/world/level/ServerLevelAccessor;Lnet/minecraft/world/DifficultyInstance;Lnet/minecraft/world/entity/EntitySpawnReason;Lnet/minecraft/world/entity/SpawnGroupData;)Lnet/minecraft/world/entity/SpawnGroupData; inside of net/minecraft/world/entity/EntityType.create
[14Sep2026 05:08:00.255] [main/DEBUG] [net.minecraftforge.forge.transformers.MethodRedirector/]: Redirecting method call finalizeSpawn(Lnet/minecraft/world/level/ServerLevelAccessor;Lnet/minecraft/world/DifficultyInstance;Lnet/minecraft/world/entity/EntitySpawnReason;Lnet/minecraft/world/entity/SpawnGroupData;)Lnet/minecraft/world/entity/SpawnGroupData; to onFinalizeSpawn(Lnet/minecraft/world/entity/Mob;Lnet/minecraft/world/level/ServerLevelAccessor;Lnet/minecraft/world/DifficultyInstance;Lnet/minecraft/world/entity/EntitySpawnReason;Lnet/minecraft/world/entity/SpawnGroupData;)Lnet/minecraft/world/entity/SpawnGroupData; inside of net/minecraft/world/entity/monster/spider/Spider.finalizeSpawn
[14Sep2026 05:08:00.291] [main/DEBUG] [net.minecraftforge.forge.transformers.MethodRedirector/]: Redirecting method call finalizeSpawn(Lnet/minecraft/world/level/ServerLevelAccessor;Lnet/minecraft/world/DifficultyInstance;Lnet/minecraft/world/entity/EntitySpawnReason;Lnet/minecraft/world/entity/SpawnGroupData;)Lnet/minecraft/world/entity/SpawnGroupData; to onFinalizeSpawn(Lnet/minecraft/world/entity/Mob;Lnet/minecraft/world/level/ServerLevelAccessor;Lnet/minecraft/world/DifficultyInstance;Lnet/minecraft/world/entity/EntitySpawnReason;Lnet/minecraft/world/entity/SpawnGroupData;)Lnet/minecraft/world/entity/SpawnGroupData; inside of net/minecraft/world/entity/monster/zombie/Drowned.finalizeSpawn
[14Sep2026 05:08:00.294] [main/DEBUG] [net.minecraftforge.forge.transformers.MethodRedirector/]: Redirecting method call finalizeSpawn(Lnet/minecraft/world/level/ServerLevelAccessor;Lnet/minecraft/world/DifficultyInstance;Lnet/minecraft/world/entity/EntitySpawnReason;Lnet/minecraft/world/entity/SpawnGroupData;)Lnet/minecraft/world/entity/SpawnGroupData; to onFinalizeSpawn(Lnet/minecraft/world/entity/Mob;Lnet/minecraft/world/level/ServerLevelAccessor;Lnet/minecraft/world/DifficultyInstance;Lnet/minecraft/world/entity/EntitySpawnReason;Lnet/minecraft/world/entity/SpawnGroupData;)Lnet/minecraft/world/entity/SpawnGroupData; inside of net/minecraft/world/entity/monster/zombie/Zombie.hurtServer
[14Sep2026 05:08:00.295] [main/DEBUG] [net.minecraftforge.forge.transformers.MethodRedirector/]: Redirecting method call finalizeSpawn(Lnet/minecraft/world/level/ServerLevelAccessor;Lnet/minecraft/world/DifficultyInstance;Lnet/minecraft/world/entity/EntitySpawnReason;Lnet/minecraft/world/entity/SpawnGroupData;)Lnet/minecraft/world/entity/SpawnGroupData; to onFinalizeSpawn(Lnet/minecraft/world/entity/Mob;Lnet/minecraft/world/level/ServerLevelAccessor;Lnet/minecraft/world/DifficultyInstance;Lnet/minecraft/world/entity/EntitySpawnReason;Lnet/minecraft/world/entity/SpawnGroupData;)Lnet/minecraft/world/entity/SpawnGroupData; inside of net/minecraft/world/entity/monster/zombie/Zombie.finalizeSpawn
[14Sep2026 05:08:00.295] [main/DEBUG] [net.minecraftforge.forge.transformers.MethodRedirector/]: Redirecting method call finalizeSpawn(Lnet/minecraft/world/level/ServerLevelAccessor;Lnet/minecraft/world/DifficultyInstance;Lnet/minecraft/world/entity/EntitySpawnReason;Lnet/minecraft/world/entity/SpawnGroupData;)Lnet/minecraft/world/entity/SpawnGroupData; to onFinalizeSpawn(Lnet/minecraft/world/entity/Mob;Lnet/minecraft/world/level/ServerLevelAccessor;Lnet/minecraft/world/DifficultyInstance;Lnet/minecraft/world/entity/EntitySpawnReason;Lnet/minecraft/world/entity/SpawnGroupData;)Lnet/minecraft/world/entity/SpawnGroupData; inside of net/minecraft/world/entity/monster/zombie/Zombie.lambda$convertVillagerToZombieVillager$1
[14Sep2026 05:08:00.328] [main/DEBUG] [net.minecraftforge.forge.transformers.MethodRedirector/]: Redirecting method call finalizeSpawn(Lnet/minecraft/world/level/ServerLevelAccessor;Lnet/minecraft/world/DifficultyInstance;Lnet/minecraft/world/entity/EntitySpawnReason;Lnet/minecraft/world/entity/SpawnGroupData;)Lnet/minecraft/world/entity/SpawnGroupData; to onFinalizeSpawn(Lnet/minecraft/world/entity/Mob;Lnet/minecraft/world/level/ServerLevelAccessor;Lnet/minecraft/world/DifficultyInstance;Lnet/minecraft/world/entity/EntitySpawnReason;Lnet/minecraft/world/entity/SpawnGroupData;)Lnet/minecraft/world/entity/SpawnGroupData; inside of net/minecraft/world/entity/monster/illager/Evoker$EvokerSummonSpellGoal.performSpellCasting
[14Sep2026 05:08:00.362] [main/DEBUG] [net.minecraftforge.forge.transformers.MethodRedirector/]: Redirecting method call finalizeSpawn(Lnet/minecraft/world/level/ServerLevelAccessor;Lnet/minecraft/world/DifficultyInstance;Lnet/minecraft/world/entity/EntitySpawnReason;Lnet/minecraft/world/entity/SpawnGroupData;)Lnet/minecraft/world/entity/SpawnGroupData; to onFinalizeSpawn(Lnet/minecraft/world/entity/Mob;Lnet/minecraft/world/level/ServerLevelAccessor;Lnet/minecraft/world/DifficultyInstance;Lnet/minecraft/world/entity/EntitySpawnReason;Lnet/minecraft/world/entity/SpawnGroupData;)Lnet/minecraft/world/entity/SpawnGroupData; inside of net/minecraft/world/entity/monster/zombie/Husk.finalizeSpawn
[14Sep2026 05:08:00.362] [main/DEBUG] [net.minecraftforge.forge.transformers.MethodRedirector/]: Redirecting method call finalizeSpawn(Lnet/minecraft/world/level/ServerLevelAccessor;Lnet/minecraft/world/DifficultyInstance;Lnet/minecraft/world/entity/EntitySpawnReason;Lnet/minecraft/world/entity/SpawnGroupData;)Lnet/minecraft/world/entity/SpawnGroupData; to onFinalizeSpawn(Lnet/minecraft/world/entity/Mob;Lnet/minecraft/world/level/ServerLevelAccessor;Lnet/minecraft/world/DifficultyInstance;Lnet/minecraft/world/entity/EntitySpawnReason;Lnet/minecraft/world/entity/SpawnGroupData;)Lnet/minecraft/world/entity/SpawnGroupData; inside of net/minecraft/world/entity/monster/zombie/Husk.finalizeSpawn
[14Sep2026 05:08:00.460] [main/DEBUG] [net.minecraftforge.forge.transformers.MethodRedirector/]: Redirecting method call finalizeSpawn(Lnet/minecraft/world/level/ServerLevelAccessor;Lnet/minecraft/world/DifficultyInstance;Lnet/minecraft/world/entity/EntitySpawnReason;Lnet/minecraft/world/entity/SpawnGroupData;)Lnet/minecraft/world/entity/SpawnGroupData; to onFinalizeSpawn(Lnet/minecraft/world/entity/Mob;Lnet/minecraft/world/level/ServerLevelAccessor;Lnet/minecraft/world/DifficultyInstance;Lnet/minecraft/world/entity/EntitySpawnReason;Lnet/minecraft/world/entity/SpawnGroupData;)Lnet/minecraft/world/entity/SpawnGroupData; inside of net/minecraft/world/entity/animal/equine/SkeletonTrapGoal.createHorse
[14Sep2026 05:08:00.460] [main/DEBUG] [net.minecraftforge.forge.transformers.MethodRedirector/]: Redirecting method call finalizeSpawn(Lnet/minecraft/world/level/ServerLevelAccessor;Lnet/minecraft/world/DifficultyInstance;Lnet/minecraft/world/entity/EntitySpawnReason;Lnet/minecraft/world/entity/SpawnGroupData;)Lnet/minecraft/world/entity/SpawnGroupData; to onFinalizeSpawn(Lnet/minecraft/world/entity/Mob;Lnet/minecraft/world/level/ServerLevelAccessor;Lnet/minecraft/world/DifficultyInstance;Lnet/minecraft/world/entity/EntitySpawnReason;Lnet/minecraft/world/entity/SpawnGroupData;)Lnet/minecraft/world/entity/SpawnGroupData; inside of net/minecraft/world/entity/animal/equine/SkeletonTrapGoal.createSkeleton
[14Sep2026 05:08:00.479] [main/DEBUG] [net.minecraftforge.forge.transformers.MethodRedirector/]: Redirecting method call finalizeSpawn(Lnet/minecraft/world/level/ServerLevelAccessor;Lnet/minecraft/world/DifficultyInstance;Lnet/minecraft/world/entity/EntitySpawnReason;Lnet/minecraft/world/entity/SpawnGroupData;)Lnet/minecraft/world/entity/SpawnGroupData; to onFinalizeSpawn(Lnet/minecraft/world/entity/Mob;Lnet/minecraft/world/level/ServerLevelAccessor;Lnet/minecraft/world/DifficultyInstance;Lnet/minecraft/world/entity/EntitySpawnReason;Lnet/minecraft/world/entity/SpawnGroupData;)Lnet/minecraft/world/entity/SpawnGroupData; inside of net/minecraft/world/entity/monster/Strider.spawnJockey
[14Sep2026 05:08:00.542] [main/DEBUG] [net.minecraftforge.forge.transformers.MethodRedirector/]: Redirecting method call finalizeSpawn(Lnet/minecraft/world/level/ServerLevelAccessor;Lnet/minecraft/world/DifficultyInstance;Lnet/minecraft/world/entity/EntitySpawnReason;Lnet/minecraft/world/entity/SpawnGroupData;)Lnet/minecraft/world/entity/SpawnGroupData; to onFinalizeSpawn(Lnet/minecraft/world/entity/Mob;Lnet/minecraft/world/level/ServerLevelAccessor;Lnet/minecraft/world/DifficultyInstance;Lnet/minecraft/world/entity/EntitySpawnReason;Lnet/minecraft/world/entity/SpawnGroupData;)Lnet/minecraft/world/entity/SpawnGroupData; inside of net/minecraft/world/entity/animal/equine/ZombieHorse.finalizeSpawn
[14Sep2026 05:08:01.640] [main/DEBUG] [net.minecraftforge.forge.transformers.MethodRedirector/]: Redirecting method call finalizeSpawn(Lnet/minecraft/world/level/ServerLevelAccessor;Lnet/minecraft/world/DifficultyInstance;Lnet/minecraft/world/entity/EntitySpawnReason;Lnet/minecraft/world/entity/SpawnGroupData;)Lnet/minecraft/world/entity/SpawnGroupData; to onFinalizeSpawn(Lnet/minecraft/world/entity/Mob;Lnet/minecraft/world/level/ServerLevelAccessor;Lnet/minecraft/world/DifficultyInstance;Lnet/minecraft/world/entity/EntitySpawnReason;Lnet/minecraft/world/entity/SpawnGroupData;)Lnet/minecraft/world/entity/SpawnGroupData; inside of net/minecraft/world/level/levelgen/structure/structures/OceanRuinPieces$OceanRuinPiece.handleDataMarker
[14Sep2026 05:08:01.644] [main/DEBUG] [net.minecraftforge.forge.transformers.MethodRedirector/]: Redirecting method call finalizeSpawn(Lnet/minecraft/world/level/ServerLevelAccessor;Lnet/minecraft/world/DifficultyInstance;Lnet/minecraft/world/entity/EntitySpawnReason;Lnet/minecraft/world/entity/SpawnGroupData;)Lnet/minecraft/world/entity/SpawnGroupData; to onFinalizeSpawn(Lnet/minecraft/world/entity/Mob;Lnet/minecraft/world/level/ServerLevelAccessor;Lnet/minecraft/world/DifficultyInstance;Lnet/minecraft/world/entity/EntitySpawnReason;Lnet/minecraft/world/entity/SpawnGroupData;)Lnet/minecraft/world/entity/SpawnGroupData; inside of net/minecraft/world/level/levelgen/structure/structures/SwampHutPiece.postProcess
[14Sep2026 05:08:01.645] [main/DEBUG] [net.minecraftforge.forge.transformers.MethodRedirector/]: Redirecting method call finalizeSpawn(Lnet/minecraft/world/level/ServerLevelAccessor;Lnet/minecraft/world/DifficultyInstance;Lnet/minecraft/world/entity/EntitySpawnReason;Lnet/minecraft/world/entity/SpawnGroupData;)Lnet/minecraft/world/entity/SpawnGroupData; to onFinalizeSpawn(Lnet/minecraft/world/entity/Mob;Lnet/minecraft/world/level/ServerLevelAccessor;Lnet/minecraft/world/DifficultyInstance;Lnet/minecraft/world/entity/EntitySpawnReason;Lnet/minecraft/world/entity/SpawnGroupData;)Lnet/minecraft/world/entity/SpawnGroupData; inside of net/minecraft/world/level/levelgen/structure/structures/SwampHutPiece.spawnCat
[14Sep2026 05:08:01.648] [main/DEBUG] [net.minecraftforge.forge.transformers.MethodRedirector/]: Redirecting method call finalizeSpawn(Lnet/minecraft/world/level/ServerLevelAccessor;Lnet/minecraft/world/DifficultyInstance;Lnet/minecraft/world/entity/EntitySpawnReason;Lnet/minecraft/world/entity/SpawnGroupData;)Lnet/minecraft/world/entity/SpawnGroupData; to onFinalizeSpawn(Lnet/minecraft/world/entity/Mob;Lnet/minecraft/world/level/ServerLevelAccessor;Lnet/minecraft/world/DifficultyInstance;Lnet/minecraft/world/entity/EntitySpawnReason;Lnet/minecraft/world/entity/SpawnGroupData;)Lnet/minecraft/world/entity/SpawnGroupData; inside of net/minecraft/world/level/levelgen/structure/structures/OceanMonumentPieces$OceanMonumentPiece.spawnElder
[14Sep2026 05:08:01.655] [main/DEBUG] [net.minecraftforge.forge.transformers.MethodRedirector/]: Redirecting method call finalizeSpawn(Lnet/minecraft/world/level/ServerLevelAccessor;Lnet/minecraft/world/DifficultyInstance;Lnet/minecraft/world/entity/EntitySpawnReason;Lnet/minecraft/world/entity/SpawnGroupData;)Lnet/minecraft/world/entity/SpawnGroupData; to onFinalizeSpawn(Lnet/minecraft/world/entity/Mob;Lnet/minecraft/world/level/ServerLevelAccessor;Lnet/minecraft/world/DifficultyInstance;Lnet/minecraft/world/entity/EntitySpawnReason;Lnet/minecraft/world/entity/SpawnGroupData;)Lnet/minecraft/world/entity/SpawnGroupData; inside of net/minecraft/world/level/levelgen/structure/structures/WoodlandMansionPieces$WoodlandMansionPiece.handleDataMarker
[14Sep2026 05:08:02.295] [main/DEBUG] [net.minecraftforge.common.ForgeI18n/CORE]: Loading I18N data entries: 8336
[14Sep2026 05:08:02.297] [main/DEBUG] [net.minecraftforge.fml.ModWorkManager/LOADING]: Using 4 threads for parallel mod-loading
[14Sep2026 05:08:02.308] [main/DEBUG] [net.minecraftforge.fml.javafmlmod.FMLJavaModLanguageProvider/LOADING]: Loading FMLModContainer from classloader TransformingClassLoader[TRANSFORMER]@502102804 - got SecureModuleClassLoader[LAYER PLUGIN]@1776486598
[14Sep2026 05:08:02.311] [main/DEBUG] [net.minecraftforge.fml.javafmlmod.FMLModContainer/LOADING]: Creating FMLModContainer instance for net.minecraftforge.common.ForgeMod
[14Sep2026 05:08:02.315] [main/DEBUG] [net.minecraftforge.fml.javafmlmod.FMLModContainer/LOADING]: Loaded modclass net.minecraftforge.forge/net.minecraftforge.common.ForgeMod with TransformingClassLoader[TRANSFORMER]@502102804
[14Sep2026 05:08:02.351] [modloading-worker-0/DEBUG] [net.minecraftforge.versions.forge.ForgeVersion/CORE]: Forge Version package package net.minecraftforge.versions.forge, Forge, version 65.1 from TransformingClassLoader[TRANSFORMER]@502102804
[14Sep2026 05:08:02.351] [modloading-worker-0/DEBUG] [net.minecraftforge.versions.forge.ForgeVersion/CORE]: Found Forge version 65.1.3
[14Sep2026 05:08:02.351] [modloading-worker-0/DEBUG] [net.minecraftforge.versions.forge.ForgeVersion/CORE]: Found Forge spec 65.1
[14Sep2026 05:08:02.351] [modloading-worker-0/DEBUG] [net.minecraftforge.versions.forge.ForgeVersion/CORE]: Found Forge group net.minecraftforge
[14Sep2026 05:08:02.352] [modloading-worker-0/DEBUG] [net.minecraftforge.versions.mcp.MCPVersion/CORE]: MCP Version package package net.minecraftforge.versions.mcp, Minecraft, version 26.2 from TransformingClassLoader[TRANSFORMER]@502102804
[14Sep2026 05:08:02.352] [modloading-worker-0/DEBUG] [net.minecraftforge.versions.mcp.MCPVersion/CORE]: Found MC version information 26.2
[14Sep2026 05:08:02.352] [modloading-worker-0/DEBUG] [net.minecraftforge.versions.mcp.MCPVersion/CORE]: Found MCP version information 20260616.103818
[14Sep2026 05:08:02.352] [modloading-worker-0/INFO] [net.minecraftforge.common.ForgeMod/FORGEMOD]: Forge mod loading, version 65.1.3, for MC 26.2 with MCP 20260616.103818
[14Sep2026 05:08:02.354] [modloading-worker-0/INFO] [net.minecraftforge.common.MinecraftForge/FORGE]: MinecraftForge v65.1.3 Initialized
[14Sep2026 05:08:02.387] [modloading-worker-0/INFO] [net.minecraftforge.common.ForgeMod/FORGEMOD]: Opening jdk.naming.dns/com.sun.jndi.dns to java.naming
[14Sep2026 05:08:02.422] [modloading-worker-0/DEBUG] [net.minecraftforge.network.NetworkInitialization/FORGE_NETWORK]: Registering Network forge:login v0
[14Sep2026 05:08:02.422] [modloading-worker-0/DEBUG] [net.minecraftforge.network.NetworkInitialization/FORGE_NETWORK]: Registering Network forge:handshake v0
[14Sep2026 05:08:02.422] [modloading-worker-0/DEBUG] [net.minecraftforge.network.NetworkInitialization/FORGE_NETWORK]: Registering Network forge:handshake v0
[14Sep2026 05:08:02.422] [modloading-worker-0/DEBUG] [net.minecraftforge.network.NetworkInitialization/FORGE_NETWORK]: Registering Network forge:channel_registration v0
[14Sep2026 05:08:02.440] [modloading-worker-0/DEBUG] [net.minecraftforge.fml.config.ConfigTracker/CONFIG]: Config file forge-client.toml for forge tracking
[14Sep2026 05:08:02.440] [modloading-worker-0/DEBUG] [net.minecraftforge.fml.config.ConfigTracker/CONFIG]: Config file forge-server.toml for forge tracking
[14Sep2026 05:08:02.440] [modloading-worker-0/DEBUG] [net.minecraftforge.fml.config.ConfigTracker/CONFIG]: Config file forge-common.toml for forge tracking
[14Sep2026 05:08:02.460] [modloading-worker-0/DEBUG] [net.minecraftforge.fml.javafmlmod.AutomaticEventSubscriber/LOADING]: Attempting to inject @EventBusSubscriber classes into the eventbus for forge
[14Sep2026 05:08:02.471] [main/DEBUG] [net.minecraftforge.common.capabilities.CapabilityManager/CAPABILITIES]: Attempting to automatically register: Lnet/minecraftforge/energy/IEnergyStorage;
[14Sep2026 05:08:02.472] [main/DEBUG] [net.minecraftforge.common.capabilities.CapabilityManager/CAPABILITIES]: Attempting to automatically register: Lnet/minecraftforge/fluids/capability/IFluidHandler;
[14Sep2026 05:08:02.472] [main/DEBUG] [net.minecraftforge.common.capabilities.CapabilityManager/CAPABILITIES]: Attempting to automatically register: Lnet/minecraftforge/fluids/capability/IFluidHandlerItem;
[14Sep2026 05:08:02.472] [main/DEBUG] [net.minecraftforge.common.capabilities.CapabilityManager/CAPABILITIES]: Attempting to automatically register: Lnet/minecraftforge/items/IItemHandler;
[14Sep2026 05:08:02.567] [main/DEBUG] [net.minecraftforge.fml.config.ConfigTracker/CONFIG]: Loading configs type COMMON
[14Sep2026 05:08:02.568] [main/DEBUG] [net.minecraftforge.fml.config.ConfigFileTypeHandler/CONFIG]: Built TOML config for /workspaces/mirswatf44-gmail.com/servidor_minecraft/config/forge-common.toml
[14Sep2026 05:08:02.568] [main/DEBUG] [net.minecraftforge.fml.config.ConfigFileTypeHandler/CONFIG]: Loaded TOML config file /workspaces/mirswatf44-gmail.com/servidor_minecraft/config/forge-common.toml
[14Sep2026 05:08:02.568] [main/DEBUG] [net.minecraftforge.fml.config.ConfigFileTypeHandler/CONFIG]: Starting watcher for handler: ConfigFileTypeHandler[COMMON]
[14Sep2026 05:08:02.574] [main/DEBUG] [net.minecraftforge.fml.config.ConfigFileTypeHandler/CONFIG]: Watching TOML config file /workspaces/mirswatf44-gmail.com/servidor_minecraft/config/forge-common.toml for changes
[14Sep2026 05:08:02.576] [main/DEBUG] [net.minecraftforge.common.ForgeConfig/FORGEMOD]: Loaded forge config file forge-common.toml
[14Sep2026 05:08:02.952] [Forge Version Check/INFO] [net.minecraftforge.fml.VersionChecker/]: [forge] Starting version check at https://files.minecraftforge.net/net/minecraftforge/forge/promotions_slim.json
[14Sep2026 05:08:03.661] [Forge Version Check/DEBUG] [net.minecraftforge.fml.VersionChecker/]: [forge] Received version check data:
{
  "homepage": "https://files.minecraftforge.net/net/minecraftforge/forge/",
  "promos": {
    "1.1-latest": "1.3.4.29",
    "1.2.3-latest": "1.4.1.64",
    "1.2.4-latest": "2.0.0.68",
    "1.2.5-latest": "3.4.9.171",
    "1.3.2-latest": "4.3.5.318",
    "1.4.0-latest": "5.0.0.326",
    "1.4.1-latest": "6.0.0.329",
    "1.4.2-latest": "6.0.1.355",
    "1.4.3-latest": "6.2.1.358",
    "1.4.4-latest": "6.3.0.378",
    "1.4.5-latest": "6.4.2.448",
    "1.4.6-latest": "6.5.0.489",
    "1.4.7-latest": "6.6.2.534",
    "1.5-latest": "7.7.0.598",
    "1.5.1-latest": "7.7.2.682",
    "1.5.2-latest": "7.8.1.738",
    "1.5.2-recommended": "7.8.1.738",
    "1.6.1-latest": "8.9.0.775",
    "1.6.2-latest": "9.10.1.871",
    "1.6.2-recommended": "9.10.1.871",
    "1.6.3-latest": "9.11.0.878",
    "1.6.4-latest": "9.11.1.1345",
    "1.6.4-recommended": "9.11.1.1345",
    "1.7.2-latest": "10.12.2.1161",
    "1.7.2-recommended": "10.12.2.1161",
    "1.7.10-latest": "10.13.4.1614",
    "1.7.10-recommended": "10.13.4.1614",
    "1.8-latest": "11.14.4.1577",
    "1.8-recommended": "11.14.4.1563",
    "1.8.8-latest": "11.15.0.1655",
    "1.8.9-latest": "11.15.1.2318",
    "1.8.9-recommended": "11.15.1.2318",
    "1.9-latest": "12.16.1.1938",
    "1.9-recommended": "12.16.1.1887",
    "1.9.4-latest": "12.17.0.2317",
    "1.9.4-recommended": "12.17.0.2317",
    "1.10-latest": "12.18.0.2000",
    "1.10.2-latest": "12.18.3.2511",
    "1.10.2-recommended": "12.18.3.2511",
    "1.11-latest": "13.19.1.2199",
    "1.11-recommended": "13.19.1.2189",
    "1.11.2-latest": "13.20.1.2588",
    "1.11.2-recommended": "13.20.1.2588",
    "1.12-latest": "14.21.1.2443",
    "1.12-recommended": "14.21.1.2387",
    "1.12.1-latest": "14.22.1.2485",
    "1.12.1-recommended": "14.22.1.2478",
    "1.12.2-latest": "14.23.5.2864",
    "1.12.2-recommended": "14.23.5.2859",
    "1.13.2-latest": "25.0.223",
    "1.14.2-latest": "26.0.63",
    "1.14.3-latest": "27.0.60",
    "1.14.4-latest": "28.2.30",
    "1.14.4-recommended": "28.2.26",
    "1.15-latest": "29.0.4",
    "1.15.1-latest": "30.0.51",
    "1.15.2-latest": "31.2.62",
    "1.15.2-recommended": "31.2.57",
    "1.16.1-latest": "32.0.108",
    "1.16.2-latest": "33.0.61",
    "1.16.3-latest": "34.1.42",
    "1.16.3-recommended": "34.1.0",
    "1.16.4-latest": "35.1.37",
    "1.16.4-recommended": "35.1.4",
    "1.16.5-latest": "36.2.42",
    "1.16.5-recommended": "36.2.34",
    "1.17.1-latest": "37.1.1",
    "1.17.1-recommended": "37.1.1",
    "1.18-latest": "38.0.17",
    "1.18.1-latest": "39.1.2",
    "1.18.1-recommended": "39.1.0",
    "1.18.2-recommended": "40.3.0",
    "1.18.2-latest": "40.3.12",
    "1.19-latest": "41.1.0",
    "1.19-recommended": "41.1.0",
    "1.19.1-latest": "42.0.9",
    "1.19.2-recommended": "43.5.0",
    "1.19.2-latest": "43.5.2",
    "1.19.3-latest": "44.1.23",
    "1.19.3-recommended": "44.1.0",
    "1.19.4-recommended": "45.4.0",
    "1.19.4-latest": "45.4.5",
    "1.20-latest": "46.0.14",
    "1.20.1-recommended": "47.4.10",
    "1.20.1-latest": "47.4.23",
    "1.20.2-latest": "48.1.0",
    "1.20.2-recommended": "48.1.0",
    "1.20.3-latest": "49.0.2",
    "1.20.4-latest": "49.2.8",
    "1.20.4-recommended": "49.2.0",
    "1.20.6-latest": "50.2.10",
    "1.20.6-recommended": "50.2.0",
    "1.21-latest": "51.0.33",
    "1.21.1-latest": "52.1.16",
    "1.21.1-recommended": "52.1.0",
    "1.21.3-latest": "53.1.12",
    "1.21.3-recommended": "53.1.0",
    "1.21.4-latest": "54.1.18",
    "1.21.4-recommended": "54.1.14",
    "1.21.5-latest": "55.1.13",
    "1.21.5-recommended": "55.1.0",
    "1.21.6-latest": "56.0.9",
    "1.21.7-latest": "57.0.3",
    "1.21.8-latest": "58.1.22",
    "1.21.8-recommended": "58.1.0",
    "1.21.9-latest": "59.0.5",
    "1.21.10-latest": "60.1.15",
    "1.21.10-recommended": "60.1.0",
    "1.21.11-latest": "61.2.1",
    "1.21.11-recommended": "61.2.0",
    "26.1-latest": "62.0.9",
    "26.1.1-latest": "63.0.2",
    "26.1.2-latest": "64.1.3",
    "26.1.2-recommended": "64.1.0",
    "26.2-latest": "65.1.3",
    "26.2-recommended": "65.1.0"
  }
}
[14Sep2026 05:08:03.664] [Forge Version Check/INFO] [net.minecraftforge.fml.VersionChecker/]: [forge] Found status: AHEAD Current: 65.1.3 Target: null
[14Sep2026 05:08:04.172] [main/INFO] [com.mojang.authlib.yggdrasil.YggdrasilAuthenticationService/]: Environment: Environment[sessionHost=https://sessionserver.mojang.com, servicesHost=https://api.minecraftservices.com, profilesHost=https://api.mojang.com, name=PROD]
[14Sep2026 05:08:05.203] [main/DEBUG] [net.minecraftforge.resource.ResourcePackLoader/CORE]: Generating PackInfo named mod:forge for mod file /workspaces/mirswatf44-gmail.com/servidor_minecraft/libraries/net/minecraftforge/forge/26.2-65.1.3/forge-26.2-65.1.3-universal.jar
[14Sep2026 05:08:06.736] [Worker-Main-3/DEBUG] [net.minecraftforge.forge.transformers.MethodRedirector/]: Redirecting method call finalizeSpawn(Lnet/minecraft/world/level/ServerLevelAccessor;Lnet/minecraft/world/DifficultyInstance;Lnet/minecraft/world/entity/EntitySpawnReason;Lnet/minecraft/world/entity/SpawnGroupData;)Lnet/minecraft/world/entity/SpawnGroupData; to onFinalizeSpawn(Lnet/minecraft/world/entity/Mob;Lnet/minecraft/world/level/ServerLevelAccessor;Lnet/minecraft/world/DifficultyInstance;Lnet/minecraft/world/entity/EntitySpawnReason;Lnet/minecraft/world/entity/SpawnGroupData;)Lnet/minecraft/world/entity/SpawnGroupData; inside of net/minecraft/server/commands/SummonCommand.createEntity
[14Sep2026 05:08:07.404] [main/INFO] [net.minecraft.world.item.crafting.RecipeManager/]: Loaded 1585 recipes
[14Sep2026 05:08:07.437] [main/INFO] [net.minecraft.advancements.AdvancementTree/]: Loaded 1688 advancements
[14Sep2026 05:08:07.460] [main/DEBUG] [net.minecraftforge.common.ForgeHooks/WP]: Gathering id map for writing to world save MUNDO DISLEXICO
[14Sep2026 05:08:07.491] [main/DEBUG] [net.minecraftforge.common.ForgeHooks/WP]: ID Map collection complete MUNDO DISLEXICO
[14Sep2026 05:08:07.662] [Server thread/INFO] [net.minecraft.server.dedicated.DedicatedServer/]: Starting minecraft server version 26.2
[14Sep2026 05:08:07.663] [Server thread/INFO] [net.minecraft.server.dedicated.DedicatedServer/]: Loading properties
[14Sep2026 05:08:07.663] [Server thread/INFO] [net.minecraft.server.dedicated.DedicatedServer/]: Default game type: SURVIVAL
[14Sep2026 05:08:07.663] [Server thread/INFO] [net.minecraft.server.MinecraftServer/]: Generating keypair
[14Sep2026 05:08:07.910] [Server thread/INFO] [net.minecraft.server.dedicated.DedicatedServer/]: Starting Minecraft server on *:25565
[14Sep2026 05:08:07.911] [Server thread/DEBUG] [net.minecraftforge.network.DualStackUtils/]: Detected IPv6 address: "0:0:0:0:0:0:0:0"
[14Sep2026 05:08:07.938] [Server thread/DEBUG] [io.netty.util.internal.PlatformDependent0/]: Java version: 25
[14Sep2026 05:08:07.941] [Server thread/DEBUG] [io.netty.util.internal.PlatformDependent0/]: -Dio.netty.noUnsafe: false
[14Sep2026 05:08:07.941] [Server thread/DEBUG] [io.netty.util.internal.PlatformDependent0/]: sun.misc.Unsafe: unavailable (io.netty.noUnsafe=true by default on Java 25+)
[14Sep2026 05:08:07.957] [Server thread/DEBUG] [io.netty.util.internal.PlatformDependent0/]: java.nio.DirectByteBuffer.<init>(long, {int,long}): unavailable
[14Sep2026 05:08:07.958] [Server thread/DEBUG] [io.netty.util.internal.PlatformDependent/]: maxDirectMemory: 15032385536 bytes (maybe)
[14Sep2026 05:08:07.958] [Server thread/DEBUG] [io.netty.util.internal.PlatformDependent/]: -Dio.netty.tmpdir: /tmp (java.io.tmpdir)
[14Sep2026 05:08:07.958] [Server thread/DEBUG] [io.netty.util.internal.PlatformDependent/]: -Dio.netty.bitMode: 64 (sun.arch.data.model)
[14Sep2026 05:08:07.960] [Server thread/DEBUG] [io.netty.util.internal.PlatformDependent/]: -Dio.netty.maxDirectMemory: 15032385536 bytes
[14Sep2026 05:08:07.961] [Server thread/DEBUG] [io.netty.util.internal.CleanerJava9/]: java.nio.ByteBuffer.cleaner(): unavailable
java.lang.UnsupportedOperationException: sun.misc.Unsafe unavailable
	at SECURE-BOOTSTRAP/io.netty.common@4.2.15.Final/io.netty.util.internal.CleanerJava9.<clinit>(CleanerJava9.java:70) ~[netty-common-4.2.15.Final.jar!/:4.2.15.Final]
	at SECURE-BOOTSTRAP/io.netty.common@4.2.15.Final/io.netty.util.internal.PlatformDependent.<clinit>(PlatformDependent.java:209) ~[netty-common-4.2.15.Final.jar!/:4.2.15.Final]
	at SECURE-BOOTSTRAP/io.netty.common@4.2.15.Final/io.netty.util.internal.ClassInitializerUtil.tryLoadClasses(ClassInitializerUtil.java:32) ~[netty-common-4.2.15.Final.jar!/:4.2.15.Final]
	at SECURE-BOOTSTRAP/io.netty.transport.classes.kqueue@4.2.15.Final/io.netty.channel.kqueue.Native.<clinit>(Native.java:65) ~[netty-transport-classes-kqueue-4.2.15.Final.jar!/:4.2.15.Final]
	at SECURE-BOOTSTRAP/io.netty.transport.classes.kqueue@4.2.15.Final/io.netty.channel.kqueue.KQueue.<clinit>(KQueue.java:38) ~[netty-transport-classes-kqueue-4.2.15.Final.jar!/:4.2.15.Final]
	at TRANSFORMER/minecraft@26.2/net.minecraft.server.network.EventLoopGroupHolder.remote(EventLoopGroupHolder.java:59) ~[forge-26.2-65.1.3-server.jar!/:?]
	at TRANSFORMER/minecraft@26.2/net.minecraft.server.network.ServerConnectionListener.startTcpServerListener(ServerConnectionListener.java:60) ~[forge-26.2-65.1.3-server.jar!/:?]
	at TRANSFORMER/minecraft@26.2/net.minecraft.server.dedicated.DedicatedServer.initServer(DedicatedServer.java:217) ~[forge-26.2-65.1.3-server.jar!/:?]
	at TRANSFORMER/minecraft@26.2/net.minecraft.server.MinecraftServer.runServer(MinecraftServer.java:728) [forge-26.2-65.1.3-server.jar!/:?]
	at TRANSFORMER/minecraft@26.2/net.minecraft.server.MinecraftServer.lambda$spin$0(MinecraftServer.java:299) [forge-26.2-65.1.3-server.jar!/:?]
	at java.base/java.lang.Thread.run(Thread.java:1474) [?:?]
[14Sep2026 05:08:07.970] [Server thread/DEBUG] [io.netty.util.internal.CleanerJava24Linker/]: java.nio.ByteBuffer.cleaner(): unavailable
java.lang.UnsupportedOperationException: Native access (restricted methods) is not enabled for the io.netty.common module.
	at SECURE-BOOTSTRAP/io.netty.common@4.2.15.Final/io.netty.util.internal.CleanerJava24Linker.<clinit>(CleanerJava24Linker.java:78) ~[netty-common-4.2.15.Final.jar!/:4.2.15.Final]
	at SECURE-BOOTSTRAP/io.netty.common@4.2.15.Final/io.netty.util.internal.PlatformDependent.<clinit>(PlatformDependent.java:211) ~[netty-common-4.2.15.Final.jar!/:4.2.15.Final]
	at SECURE-BOOTSTRAP/io.netty.common@4.2.15.Final/io.netty.util.internal.ClassInitializerUtil.tryLoadClasses(ClassInitializerUtil.java:32) ~[netty-common-4.2.15.Final.jar!/:4.2.15.Final]
	at SECURE-BOOTSTRAP/io.netty.transport.classes.kqueue@4.2.15.Final/io.netty.channel.kqueue.Native.<clinit>(Native.java:65) ~[netty-transport-classes-kqueue-4.2.15.Final.jar!/:4.2.15.Final]
	at SECURE-BOOTSTRAP/io.netty.transport.classes.kqueue@4.2.15.Final/io.netty.channel.kqueue.KQueue.<clinit>(KQueue.java:38) ~[netty-transport-classes-kqueue-4.2.15.Final.jar!/:4.2.15.Final]
	at TRANSFORMER/minecraft@26.2/net.minecraft.server.network.EventLoopGroupHolder.remote(EventLoopGroupHolder.java:59) ~[forge-26.2-65.1.3-server.jar!/:?]
	at TRANSFORMER/minecraft@26.2/net.minecraft.server.network.ServerConnectionListener.startTcpServerListener(ServerConnectionListener.java:60) ~[forge-26.2-65.1.3-server.jar!/:?]
	at TRANSFORMER/minecraft@26.2/net.minecraft.server.dedicated.DedicatedServer.initServer(DedicatedServer.java:217) ~[forge-26.2-65.1.3-server.jar!/:?]
	at TRANSFORMER/minecraft@26.2/net.minecraft.server.MinecraftServer.runServer(MinecraftServer.java:728) [forge-26.2-65.1.3-server.jar!/:?]
	at TRANSFORMER/minecraft@26.2/net.minecraft.server.MinecraftServer.lambda$spin$0(MinecraftServer.java:299) [forge-26.2-65.1.3-server.jar!/:?]
	at java.base/java.lang.Thread.run(Thread.java:1474) [?:?]
[14Sep2026 05:08:07.980] [Server thread/DEBUG] [io.netty.util.internal.CleanerJava25/]: java.nio.ByteBuffer.cleaner(): available
[14Sep2026 05:08:07.981] [Server thread/DEBUG] [io.netty.util.internal.PlatformDependent/]: -Dio.netty.noPreferDirect: false
[14Sep2026 05:08:07.981] [Server thread/DEBUG] [io.netty.util.internal.PlatformDependent/]: -Dio.netty.ignoreExpensiveClean: false
[14Sep2026 05:08:07.982] [Server thread/DEBUG] [io.netty.util.internal.PlatformDependent/]: -Dio.netty.jfr.enabled: true
[14Sep2026 05:08:07.987] [Server thread/DEBUG] [io.netty.util.internal.PlatformDependent/]: java.lang.invoke.VarHandle: available
[14Sep2026 05:08:07.987] [Server thread/DEBUG] [io.netty.util.internal.PlatformDependent/]: -Dio.netty.varHandle.enabled: true
[14Sep2026 05:08:08.000] [Server thread/DEBUG] [io.netty.util.internal.NativeLibraryLoader/]: -Dio.netty.native.workdir: /tmp (io.netty.tmpdir)
[14Sep2026 05:08:08.001] [Server thread/DEBUG] [io.netty.util.internal.NativeLibraryLoader/]: -Dio.netty.native.deleteLibAfterLoading: true
[14Sep2026 05:08:08.001] [Server thread/DEBUG] [io.netty.util.internal.NativeLibraryLoader/]: -Dio.netty.native.tryPatchShadedId: true
[14Sep2026 05:08:08.001] [Server thread/DEBUG] [io.netty.util.internal.NativeLibraryLoader/]: -Dio.netty.native.detectNativeLibraryDuplicates: true
[14Sep2026 05:08:08.018] [Server thread/DEBUG] [io.netty.util.internal.NativeLibraryLoader/]: Successfully loaded the library /tmp/libnetty_transport_native_epoll_x86_6416490698772999115238.so
[14Sep2026 05:08:08.021] [Server thread/DEBUG] [io.netty.util.NetUtil/]: -Djava.net.preferIPv4Stack: false
[14Sep2026 05:08:08.021] [Server thread/DEBUG] [io.netty.util.NetUtil/]: -Djava.net.preferIPv6Addresses: true
[14Sep2026 05:08:08.024] [Server thread/DEBUG] [io.netty.util.NetUtilInitializations/]: Loopback interface: lo (lo, 0:0:0:0:0:0:0:1%lo)
[14Sep2026 05:08:08.025] [Server thread/DEBUG] [io.netty.util.NetUtil/]: /proc/sys/net/core/somaxconn: 4096
[14Sep2026 05:08:08.048] [Server thread/DEBUG] [io.netty.channel.MultithreadEventLoopGroup/]: -Dio.netty.eventLoopThreads: 8
[14Sep2026 05:08:08.059] [Server thread/DEBUG] [io.netty.util.concurrent.GlobalEventExecutor/]: -Dio.netty.globalEventExecutor.quietPeriodSeconds: 1
[14Sep2026 05:08:08.065] [Server thread/DEBUG] [io.netty.util.internal.InternalThreadLocalMap/]: -Dio.netty.threadLocalMap.stringBuilder.initialSize: 1024
[14Sep2026 05:08:08.067] [Server thread/DEBUG] [io.netty.util.internal.InternalThreadLocalMap/]: -Dio.netty.threadLocalMap.stringBuilder.maxSize: 4096
[14Sep2026 05:08:08.075] [Server thread/DEBUG] [io.netty.util.internal.PlatformDependent/]: org.jctools-core.MpscChunkedArrayQueue: unavailable
[14Sep2026 05:08:08.087] [Server thread/DEBUG] [io.netty.channel.DefaultChannelId/]: -Dio.netty.processId: 4254 (auto-detected)
[14Sep2026 05:08:08.088] [Server thread/DEBUG] [io.netty.channel.DefaultChannelId/]: -Dio.netty.machineId: 7c:1e:52:ff:fe:ae:ee:0a (auto-detected)
[14Sep2026 05:08:08.108] [Server thread/DEBUG] [io.netty.buffer.AdaptiveByteBufAllocator/]: -Dio.netty.allocator.useCachedMagazinesForNonEventLoopThreads: false
[14Sep2026 05:08:08.116] [Server thread/DEBUG] [io.netty.util.Recycler/]: -Dio.netty.recycler.maxCapacityPerThread: 4096
[14Sep2026 05:08:08.116] [Server thread/DEBUG] [io.netty.util.Recycler/]: -Dio.netty.recycler.ratio: 8
[14Sep2026 05:08:08.116] [Server thread/DEBUG] [io.netty.util.Recycler/]: -Dio.netty.recycler.chunkSize: 32
[14Sep2026 05:08:08.116] [Server thread/DEBUG] [io.netty.util.Recycler/]: -Dio.netty.recycler.blocking: false
[14Sep2026 05:08:08.116] [Server thread/DEBUG] [io.netty.util.Recycler/]: -Dio.netty.recycler.batchFastThreadLocalOnly: true
[14Sep2026 05:08:08.126] [Server thread/DEBUG] [io.netty.buffer.ByteBufUtil/]: -Dio.netty.allocator.type: adaptive
[14Sep2026 05:08:08.126] [Server thread/DEBUG] [io.netty.buffer.ByteBufUtil/]: -Dio.netty.threadLocalDirectBufferSize: 0
[14Sep2026 05:08:08.126] [Server thread/DEBUG] [io.netty.buffer.ByteBufUtil/]: -Dio.netty.maxThreadLocalCharBufferSize: 16384
[14Sep2026 05:08:08.127] [Server thread/DEBUG] [io.netty.bootstrap.ChannelInitializerExtensions/]: -Dio.netty.bootstrap.extensions: null
[14Sep2026 05:08:08.153] [Server thread/DEBUG] [net.minecraftforge.fml.config.ConfigTracker/CONFIG]: Loading configs type SERVER
[14Sep2026 05:08:08.154] [Server thread/DEBUG] [net.minecraftforge.fml.config.ConfigFileTypeHandler/CONFIG]: Built TOML config for ./world/serverconfig/forge-server.toml
[14Sep2026 05:08:08.155] [Server thread/DEBUG] [net.minecraftforge.fml.config.ConfigFileTypeHandler/CONFIG]: Loaded TOML config file ./world/serverconfig/forge-server.toml
[14Sep2026 05:08:08.155] [Server thread/DEBUG] [net.minecraftforge.fml.config.ConfigFileTypeHandler/CONFIG]: Starting watcher for handler: ConfigFileTypeHandler[SERVER]
[14Sep2026 05:08:08.156] [Server thread/DEBUG] [net.minecraftforge.fml.config.ConfigFileTypeHandler/CONFIG]: Watching TOML config file ./world/serverconfig/forge-server.toml for changes
[14Sep2026 05:08:08.156] [Server thread/DEBUG] [net.minecraftforge.common.ForgeConfig/FORGEMOD]: Loaded forge config file forge-server.toml
[14Sep2026 05:08:08.175] [Server thread/INFO] [net.minecraft.server.dedicated.DedicatedServer/]: Preparing level "world"
[14Sep2026 05:08:08.183] [Server thread/DEBUG] [net.minecraftforge.forge.transformers.MethodRedirector/]: Redirecting method call finalizeSpawn(Lnet/minecraft/world/level/ServerLevelAccessor;Lnet/minecraft/world/DifficultyInstance;Lnet/minecraft/world/entity/EntitySpawnReason;Lnet/minecraft/world/entity/SpawnGroupData;)Lnet/minecraft/world/entity/SpawnGroupData; to onFinalizeSpawn(Lnet/minecraft/world/entity/Mob;Lnet/minecraft/world/level/ServerLevelAccessor;Lnet/minecraft/world/DifficultyInstance;Lnet/minecraft/world/entity/EntitySpawnReason;Lnet/minecraft/world/entity/SpawnGroupData;)Lnet/minecraft/world/entity/SpawnGroupData; inside of net/minecraft/world/level/levelgen/PhantomSpawner.tick
[14Sep2026 05:08:08.184] [Server thread/DEBUG] [net.minecraftforge.forge.transformers.MethodRedirector/]: Redirecting method call finalizeSpawn(Lnet/minecraft/world/level/ServerLevelAccessor;Lnet/minecraft/world/DifficultyInstance;Lnet/minecraft/world/entity/EntitySpawnReason;Lnet/minecraft/world/entity/SpawnGroupData;)Lnet/minecraft/world/entity/SpawnGroupData; to onFinalizeSpawn(Lnet/minecraft/world/entity/Mob;Lnet/minecraft/world/level/ServerLevelAccessor;Lnet/minecraft/world/DifficultyInstance;Lnet/minecraft/world/entity/EntitySpawnReason;Lnet/minecraft/world/entity/SpawnGroupData;)Lnet/minecraft/world/entity/SpawnGroupData; inside of net/minecraft/world/level/levelgen/PatrolSpawner.spawnPatrolMember
[14Sep2026 05:08:08.186] [Server thread/DEBUG] [net.minecraftforge.forge.transformers.MethodRedirector/]: Redirecting method call finalizeSpawn(Lnet/minecraft/world/level/ServerLevelAccessor;Lnet/minecraft/world/DifficultyInstance;Lnet/minecraft/world/entity/EntitySpawnReason;Lnet/minecraft/world/entity/SpawnGroupData;)Lnet/minecraft/world/entity/SpawnGroupData; to onFinalizeSpawn(Lnet/minecraft/world/entity/Mob;Lnet/minecraft/world/level/ServerLevelAccessor;Lnet/minecraft/world/DifficultyInstance;Lnet/minecraft/world/entity/EntitySpawnReason;Lnet/minecraft/world/entity/SpawnGroupData;)Lnet/minecraft/world/entity/SpawnGroupData; inside of net/minecraft/world/entity/npc/CatSpawner.spawnCat
[14Sep2026 05:08:08.187] [Server thread/DEBUG] [net.minecraftforge.forge.transformers.MethodRedirector/]: Redirecting method call finalizeSpawn(Lnet/minecraft/world/level/ServerLevelAccessor;Lnet/minecraft/world/DifficultyInstance;Lnet/minecraft/world/entity/EntitySpawnReason;Lnet/minecraft/world/entity/SpawnGroupData;)Lnet/minecraft/world/entity/SpawnGroupData; to onFinalizeSpawn(Lnet/minecraft/world/entity/Mob;Lnet/minecraft/world/level/ServerLevelAccessor;Lnet/minecraft/world/DifficultyInstance;Lnet/minecraft/world/entity/EntitySpawnReason;Lnet/minecraft/world/entity/SpawnGroupData;)Lnet/minecraft/world/entity/SpawnGroupData; inside of net/minecraft/world/entity/ai/village/VillageSiege.trySpawn
[14Sep2026 05:08:08.196] [Server thread/DEBUG] [io.netty.util.internal.ThreadLocalRandom/]: -Dio.netty.initialSeedUniquifier: 0xf45345d4a830e4cf
[14Sep2026 05:08:08.375] [Server thread/DEBUG] [net.minecraftforge.forge.transformers.MethodRedirector/]: Redirecting method call finalizeSpawn(Lnet/minecraft/world/level/ServerLevelAccessor;Lnet/minecraft/world/DifficultyInstance;Lnet/minecraft/world/entity/EntitySpawnReason;Lnet/minecraft/world/entity/SpawnGroupData;)Lnet/minecraft/world/entity/SpawnGroupData; to onFinalizeSpawn(Lnet/minecraft/world/entity/Mob;Lnet/minecraft/world/level/ServerLevelAccessor;Lnet/minecraft/world/DifficultyInstance;Lnet/minecraft/world/entity/EntitySpawnReason;Lnet/minecraft/world/entity/SpawnGroupData;)Lnet/minecraft/world/entity/SpawnGroupData; inside of net/minecraft/world/entity/raid/Raid.joinRaid
[14Sep2026 05:08:08.681] [Server thread/INFO] [net.minecraft.server.level.progress.LoggingLevelLoadListener/]: Loading 0 persistent chunks...
[14Sep2026 05:08:08.682] [Server thread/INFO] [net.minecraft.server.level.progress.LoggingLevelLoadListener/]: Preparing spawn area: 100%
[14Sep2026 05:08:08.695] [Server thread/INFO] [net.minecraft.server.level.progress.LoggingLevelLoadListener/]: Time elapsed: 18 ms
[14Sep2026 05:08:08.696] [Server thread/INFO] [net.minecraft.server.dedicated.DedicatedServer/]: Done (0.542s)! For help, type "help"
[14Sep2026 05:08:08.710] [Server thread/INFO] [net.minecraft.server.MinecraftServer/]: Saving chunks for level 'ServerLevel[MUNDO DISLEXICO]'/minecraft:overworld
[14Sep2026 05:08:08.763] [Server thread/INFO] [net.minecraft.server.MinecraftServer/]: Saving chunks for level 'ServerLevel[MUNDO DISLEXICO]'/minecraft:the_end
[14Sep2026 05:08:08.778] [Server thread/INFO] [net.minecraft.server.MinecraftServer/]: Saving chunks for level 'ServerLevel[MUNDO DISLEXICO]'/minecraft:the_nether
[14Sep2026 05:08:08.786] [Server thread/DEBUG] [net.minecraftforge.common.ForgeHooks/WP]: Gathering id map for writing to world save MUNDO DISLEXICO
[14Sep2026 05:08:08.849] [Server thread/DEBUG] [net.minecraftforge.common.ForgeHooks/WP]: ID Map collection complete MUNDO DISLEXICO
[14Sep2026 05:08:08.962] [Server thread/INFO] [net.minecraft.server.MinecraftServer/]: ThreadedAnvilChunkStorage (world): All chunks are saved
[14Sep2026 05:08:08.966] [Server thread/INFO] [net.minecraft.server.MinecraftServer/]: ThreadedAnvilChunkStorage (DIM1): All chunks are saved
[14Sep2026 05:08:08.967] [Server thread/INFO] [net.minecraft.server.MinecraftServer/]: ThreadedAnvilChunkStorage (DIM-1): All chunks are saved
[14Sep2026 05:08:08.967] [Server thread/INFO] [net.minecraft.server.MinecraftServer/]: ThreadedAnvilChunkStorage: All dimensions are saved
[14Sep2026 05:08:08.988] [Server thread/DEBUG] [net.minecraftforge.network.DualStackUtils/]: Detected IPv6 address: "0:0:0:0:0:0:0:0"
[14Sep2026 05:08:09.057] [Server thread/DEBUG] [net.minecraftforge.common.ForgeI18n/CORE]: Loading I18N data entries: 8336
[14Sep2026 05:08:09.062] [Server thread/INFO] [net.minecraftforge.server.permission.PermissionAPI/]: Successfully initialized permission handler forge:default_handler
[14Sep2026 05:08:09.130] [Server thread/DEBUG] [io.netty.buffer.AbstractByteBuf/]: -Dio.netty.buffer.checkAccessible: true
[14Sep2026 05:08:09.131] [Server thread/DEBUG] [io.netty.buffer.AbstractByteBuf/]: -Dio.netty.buffer.checkBounds: true
[14Sep2026 05:08:09.134] [Server thread/DEBUG] [io.netty.util.ResourceLeakDetectorFactory/]: Loaded default ResourceLeakDetector: io.netty.util.ResourceLeakDetector@78294082
[14Sep2026 05:08:09.163] [Server thread/DEBUG] [net.minecraftforge.forge.transformers.MethodRedirector/]: Redirecting method call finalizeSpawn(Lnet/minecraft/world/level/ServerLevelAccessor;Lnet/minecraft/world/DifficultyInstance;Lnet/minecraft/world/entity/EntitySpawnReason;Lnet/minecraft/world/entity/SpawnGroupData;)Lnet/minecraft/world/entity/SpawnGroupData; to onFinalizeSpawn(Lnet/minecraft/world/entity/Mob;Lnet/minecraft/world/level/ServerLevelAccessor;Lnet/minecraft/world/DifficultyInstance;Lnet/minecraft/world/entity/EntitySpawnReason;Lnet/minecraft/world/entity/SpawnGroupData;)Lnet/minecraft/world/entity/SpawnGroupData; inside of net/minecraft/world/level/NaturalSpawner.spawnCategoryForPosition
[14Sep2026 05:08:09.166] [Server thread/DEBUG] [net.minecraftforge.forge.transformers.MethodRedirector/]: Redirecting method call finalizeSpawn(Lnet/minecraft/world/level/ServerLevelAccessor;Lnet/minecraft/world/DifficultyInstance;Lnet/minecraft/world/entity/EntitySpawnReason;Lnet/minecraft/world/entity/SpawnGroupData;)Lnet/minecraft/world/entity/SpawnGroupData; to onFinalizeSpawn(Lnet/minecraft/world/entity/Mob;Lnet/minecraft/world/level/ServerLevelAccessor;Lnet/minecraft/world/DifficultyInstance;Lnet/minecraft/world/entity/EntitySpawnReason;Lnet/minecraft/world/entity/SpawnGroupData;)Lnet/minecraft/world/entity/SpawnGroupData; inside of net/minecraft/world/level/NaturalSpawner.spawnMobsForChunkGeneration
[14Sep2026 05:08:11.588] [User Authenticator #1/INFO] [net.minecraft.server.network.ServerLoginPacketListenerImpl/]: UUID of player MirsWATF is b5193e04-289f-4676-8ef7-f3111c8cc1e6
[14Sep2026 05:08:11.856] [Netty Epoll Server IO #2/DEBUG] [net.minecraftforge.network.ForgePacketHandler/FORGE_PACKET_HANDLER]: Received client connection with modlist [commonnetworking, forge, journeymap, journeymap_api, minecraft]
[14Sep2026 05:08:11.956] [Netty Epoll Server IO #2/DEBUG] [net.minecraftforge.network.ForgePacketHandler/FORGE_PACKET_HANDLER]: Received client connection with channels [forge:channel_registration, forge:handshake, forge:login, journeymap:admin_req, journeymap:admin_save, journeymap:common, journeymap:global_wp_visibility, journeymap:mp_options_req, journeymap:overlay_clear, journeymap:overlay_remove, journeymap:overlay_show, journeymap:perm_req, journeymap:player_loc, journeymap:remove_player, journeymap:teleport_req, journeymap:version, journeymap:waypoint, journeymap:waypoint_crud_req, journeymap:waypoint_crud_resp, journeymap:waypoint_notification, journeymap:waypoint_push, journeymap:waypoint_query, journeymap:waypoint_scope_req, journeymap:waypoint_scope_resp, journeymap:waypoint_scopes, journeymap:waypoint_settings_resp, journeymap:waypoint_settings_update, journeymap:waypoint_share_op, journeymap:waypoint_share_targets_resp, worldinfo:world_id]
[14Sep2026 05:08:11.957] [Netty Epoll Server IO #2/DEBUG] [net.minecraftforge.network.NetworkRegistry/NETREGISTRY]: Channel 'forge:handshake' : Version test of 'PRESENT 0' from client : ACCEPTED
[14Sep2026 05:08:11.957] [Netty Epoll Server IO #2/DEBUG] [net.minecraftforge.network.NetworkRegistry/NETREGISTRY]: Channel 'forge:login' : Version test of 'PRESENT 0' from client : ACCEPTED
[14Sep2026 05:08:11.957] [Netty Epoll Server IO #2/DEBUG] [net.minecraftforge.network.NetworkRegistry/NETREGISTRY]: Channel 'forge:channel_registration' : Version test of 'PRESENT 0' from client : ACCEPTED
[14Sep2026 05:08:11.957] [Netty Epoll Server IO #2/DEBUG] [net.minecraftforge.network.NetworkRegistry/NETREGISTRY]: Accepting channel list from client
[14Sep2026 05:08:12.063] [Netty Epoll Server IO #2/DEBUG] [net.minecraftforge.network.ForgePacketHandler/FORGE_PACKET_HANDLER]: Received acknowledgement 0 from client
[14Sep2026 05:08:12.166] [Netty Epoll Server IO #2/DEBUG] [net.minecraftforge.network.ForgePacketHandler/FORGE_PACKET_HANDLER]: Received acknowledgement 1 from client
[14Sep2026 05:08:12.264] [Netty Epoll Server IO #2/DEBUG] [net.minecraftforge.network.ForgePacketHandler/FORGE_PACKET_HANDLER]: Received acknowledgement 2 from client
[14Sep2026 05:08:12.496] [Netty Epoll Server IO #2/DEBUG] [net.minecraftforge.network.ForgePacketHandler/FORGE_PACKET_HANDLER]: Received acknowledgement 3 from client
[14Sep2026 05:08:12.595] [Netty Epoll Server IO #2/DEBUG] [net.minecraftforge.network.ForgePacketHandler/FORGE_PACKET_HANDLER]: Received acknowledgement 4 from client
[14Sep2026 05:08:12.692] [Netty Epoll Server IO #2/DEBUG] [net.minecraftforge.network.ForgePacketHandler/FORGE_PACKET_HANDLER]: Received acknowledgement 5 from client
[14Sep2026 05:08:12.799] [Netty Epoll Server IO #2/DEBUG] [net.minecraftforge.network.ForgePacketHandler/FORGE_PACKET_HANDLER]: Received acknowledgement 6 from client
[14Sep2026 05:08:12.897] [Netty Epoll Server IO #2/DEBUG] [net.minecraftforge.network.ForgePacketHandler/FORGE_PACKET_HANDLER]: Received acknowledgement 7 from client
[14Sep2026 05:08:12.993] [Netty Epoll Server IO #2/DEBUG] [net.minecraftforge.network.ForgePacketHandler/FORGE_PACKET_HANDLER]: Received acknowledgement 8 from client
[14Sep2026 05:08:13.089] [Netty Epoll Server IO #2/DEBUG] [net.minecraftforge.network.ForgePacketHandler/FORGE_PACKET_HANDLER]: Received acknowledgement 9 from client
[14Sep2026 05:08:13.186] [Netty Epoll Server IO #2/DEBUG] [net.minecraftforge.network.ForgePacketHandler/FORGE_PACKET_HANDLER]: Received acknowledgement 10 from client
[14Sep2026 05:08:13.283] [Netty Epoll Server IO #2/DEBUG] [net.minecraftforge.network.ForgePacketHandler/FORGE_PACKET_HANDLER]: Received acknowledgement 11 from client
[14Sep2026 05:08:13.384] [Netty Epoll Server IO #2/DEBUG] [net.minecraftforge.network.ForgePacketHandler/FORGE_PACKET_HANDLER]: Received acknowledgement 12 from client
[14Sep2026 05:08:13.481] [Netty Epoll Server IO #2/DEBUG] [net.minecraftforge.network.ForgePacketHandler/FORGE_PACKET_HANDLER]: Received acknowledgement 13 from client
[14Sep2026 05:08:13.578] [Netty Epoll Server IO #2/DEBUG] [net.minecraftforge.network.ForgePacketHandler/FORGE_PACKET_HANDLER]: Received acknowledgement 14 from client
[14Sep2026 05:08:13.677] [Netty Epoll Server IO #2/DEBUG] [net.minecraftforge.network.ForgePacketHandler/FORGE_PACKET_HANDLER]: Received acknowledgement 15 from client
[14Sep2026 05:08:13.773] [Netty Epoll Server IO #2/DEBUG] [net.minecraftforge.network.ForgePacketHandler/FORGE_PACKET_HANDLER]: Received acknowledgement 16 from client
[14Sep2026 05:08:13.871] [Netty Epoll Server IO #2/DEBUG] [net.minecraftforge.network.ForgePacketHandler/FORGE_PACKET_HANDLER]: Received acknowledgement 17 from client
[14Sep2026 05:08:13.968] [Netty Epoll Server IO #2/DEBUG] [net.minecraftforge.network.ForgePacketHandler/FORGE_PACKET_HANDLER]: Received acknowledgement 18 from client
[14Sep2026 05:08:14.344] [Netty Epoll Server IO #2/DEBUG] [net.minecraftforge.network.ForgePacketHandler/FORGE_PACKET_HANDLER]: Received acknowledgement 19 from client
[14Sep2026 05:08:15.237] [Server thread/INFO] [net.minecraft.server.players.PlayerList/]: MirsWATF[/127.119.112.13:37599] logged in with entity id 45 at (84.33202504324646, -12.0, 241.60956195698452)
[14Sep2026 05:08:15.259] [Server thread/INFO] [net.minecraft.server.MinecraftServer/]: MirsWATF joined the game
[14Sep2026 05:08:15.667] [Server thread/DEBUG] [net.minecraftforge.forge.transformers.MethodRedirector/]: Redirecting method call finalizeSpawn(Lnet/minecraft/world/level/ServerLevelAccessor;Lnet/minecraft/world/DifficultyInstance;Lnet/minecraft/world/entity/EntitySpawnReason;Lnet/minecraft/world/entity/SpawnGroupData;)Lnet/minecraft/world/entity/SpawnGroupData; to onFinalizeSpawn(Lnet/minecraft/world/entity/Mob;Lnet/minecraft/world/level/ServerLevelAccessor;Lnet/minecraft/world/DifficultyInstance;Lnet/minecraft/world/entity/EntitySpawnReason;Lnet/minecraft/world/entity/SpawnGroupData;)Lnet/minecraft/world/entity/SpawnGroupData; inside of net/minecraft/world/level/block/entity/trialspawner/TrialSpawner.spawnMob
[14Sep2026 05:08:18.106] [User Authenticator #2/INFO] [net.minecraft.server.network.ServerLoginPacketListenerImpl/]: UUID of player Bokuakatsuki is b5a2ac5e-69ff-4333-a540-9f46c95f6e98
[14Sep2026 05:08:18.465] [Netty Epoll Server IO #3/DEBUG] [net.minecraftforge.network.ForgePacketHandler/FORGE_PACKET_HANDLER]: Received client connection with modlist [forge, minecraft]
[14Sep2026 05:08:18.609] [Netty Epoll Server IO #3/DEBUG] [net.minecraftforge.network.ForgePacketHandler/FORGE_PACKET_HANDLER]: Received client connection with channels [forge:channel_registration, forge:handshake, forge:login]
[14Sep2026 05:08:18.609] [Netty Epoll Server IO #3/DEBUG] [net.minecraftforge.network.NetworkRegistry/NETREGISTRY]: Channel 'forge:handshake' : Version test of 'PRESENT 0' from client : ACCEPTED
[14Sep2026 05:08:18.609] [Netty Epoll Server IO #3/DEBUG] [net.minecraftforge.network.NetworkRegistry/NETREGISTRY]: Channel 'forge:login' : Version test of 'PRESENT 0' from client : ACCEPTED
[14Sep2026 05:08:18.609] [Netty Epoll Server IO #3/DEBUG] [net.minecraftforge.network.NetworkRegistry/NETREGISTRY]: Channel 'forge:channel_registration' : Version test of 'PRESENT 0' from client : ACCEPTED
[14Sep2026 05:08:18.609] [Netty Epoll Server IO #3/DEBUG] [net.minecraftforge.network.NetworkRegistry/NETREGISTRY]: Accepting channel list from client
[14Sep2026 05:08:18.614] [User Authenticator #3/INFO] [net.minecraft.server.network.ServerLoginPacketListenerImpl/]: UUID of player teemoelsamu is d1418274-fbb6-4a7d-be69-45904935106e
[14Sep2026 05:08:18.758] [Netty Epoll Server IO #3/DEBUG] [net.minecraftforge.network.ForgePacketHandler/FORGE_PACKET_HANDLER]: Received acknowledgement 0 from client
[14Sep2026 05:08:18.902] [Netty Epoll Server IO #3/DEBUG] [net.minecraftforge.network.ForgePacketHandler/FORGE_PACKET_HANDLER]: Received acknowledgement 1 from client
[14Sep2026 05:08:18.927] [Netty Epoll Server IO #4/DEBUG] [net.minecraftforge.network.ForgePacketHandler/FORGE_PACKET_HANDLER]: Received client connection with modlist [forge, minecraft]
[14Sep2026 05:08:19.083] [Netty Epoll Server IO #4/DEBUG] [net.minecraftforge.network.ForgePacketHandler/FORGE_PACKET_HANDLER]: Received client connection with channels [forge:channel_registration, forge:handshake, forge:login]
[14Sep2026 05:08:19.083] [Netty Epoll Server IO #4/DEBUG] [net.minecraftforge.network.NetworkRegistry/NETREGISTRY]: Channel 'forge:handshake' : Version test of 'PRESENT 0' from client : ACCEPTED
[14Sep2026 05:08:19.083] [Netty Epoll Server IO #4/DEBUG] [net.minecraftforge.network.NetworkRegistry/NETREGISTRY]: Channel 'forge:login' : Version test of 'PRESENT 0' from client : ACCEPTED
[14Sep2026 05:08:19.083] [Netty Epoll Server IO #4/DEBUG] [net.minecraftforge.network.NetworkRegistry/NETREGISTRY]: Channel 'forge:channel_registration' : Version test of 'PRESENT 0' from client : ACCEPTED
[14Sep2026 05:08:19.083] [Netty Epoll Server IO #4/DEBUG] [net.minecraftforge.network.NetworkRegistry/NETREGISTRY]: Accepting channel list from client
[14Sep2026 05:08:19.092] [Netty Epoll Server IO #3/DEBUG] [net.minecraftforge.network.ForgePacketHandler/FORGE_PACKET_HANDLER]: Received acknowledgement 2 from client
[14Sep2026 05:08:19.227] [Netty Epoll Server IO #4/DEBUG] [net.minecraftforge.network.ForgePacketHandler/FORGE_PACKET_HANDLER]: Received acknowledgement 0 from client
[14Sep2026 05:08:19.369] [Netty Epoll Server IO #4/DEBUG] [net.minecraftforge.network.ForgePacketHandler/FORGE_PACKET_HANDLER]: Received acknowledgement 1 from client
[14Sep2026 05:08:19.398] [Netty Epoll Server IO #3/DEBUG] [net.minecraftforge.network.ForgePacketHandler/FORGE_PACKET_HANDLER]: Received acknowledgement 3 from client
[14Sep2026 05:08:19.510] [Netty Epoll Server IO #4/DEBUG] [net.minecraftforge.network.ForgePacketHandler/FORGE_PACKET_HANDLER]: Received acknowledgement 2 from client
[14Sep2026 05:08:19.541] [Netty Epoll Server IO #3/DEBUG] [net.minecraftforge.network.ForgePacketHandler/FORGE_PACKET_HANDLER]: Received acknowledgement 4 from client
[14Sep2026 05:08:19.686] [Netty Epoll Server IO #3/DEBUG] [net.minecraftforge.network.ForgePacketHandler/FORGE_PACKET_HANDLER]: Received acknowledgement 5 from client
[14Sep2026 05:08:19.799] [Netty Epoll Server IO #4/DEBUG] [net.minecraftforge.network.ForgePacketHandler/FORGE_PACKET_HANDLER]: Received acknowledgement 3 from client
[14Sep2026 05:08:19.857] [Netty Epoll Server IO #3/DEBUG] [net.minecraftforge.network.ForgePacketHandler/FORGE_PACKET_HANDLER]: Received acknowledgement 6 from client
[14Sep2026 05:08:19.940] [Netty Epoll Server IO #4/DEBUG] [net.minecraftforge.network.ForgePacketHandler/FORGE_PACKET_HANDLER]: Received acknowledgement 4 from client
[14Sep2026 05:08:20.001] [Netty Epoll Server IO #3/DEBUG] [net.minecraftforge.network.ForgePacketHandler/FORGE_PACKET_HANDLER]: Received acknowledgement 7 from client
[14Sep2026 05:08:20.080] [Netty Epoll Server IO #4/DEBUG] [net.minecraftforge.network.ForgePacketHandler/FORGE_PACKET_HANDLER]: Received acknowledgement 5 from client
[14Sep2026 05:08:20.143] [Netty Epoll Server IO #3/DEBUG] [net.minecraftforge.network.ForgePacketHandler/FORGE_PACKET_HANDLER]: Received acknowledgement 8 from client
[14Sep2026 05:08:20.229] [Netty Epoll Server IO #4/DEBUG] [net.minecraftforge.network.ForgePacketHandler/FORGE_PACKET_HANDLER]: Received acknowledgement 6 from client
[14Sep2026 05:08:20.291] [Netty Epoll Server IO #3/DEBUG] [net.minecraftforge.network.ForgePacketHandler/FORGE_PACKET_HANDLER]: Received acknowledgement 9 from client
[14Sep2026 05:08:20.369] [Netty Epoll Server IO #4/DEBUG] [net.minecraftforge.network.ForgePacketHandler/FORGE_PACKET_HANDLER]: Received acknowledgement 7 from client
[14Sep2026 05:08:20.433] [Netty Epoll Server IO #3/DEBUG] [net.minecraftforge.network.ForgePacketHandler/FORGE_PACKET_HANDLER]: Received acknowledgement 10 from client
[14Sep2026 05:08:20.510] [Netty Epoll Server IO #4/DEBUG] [net.minecraftforge.network.ForgePacketHandler/FORGE_PACKET_HANDLER]: Received acknowledgement 8 from client
[14Sep2026 05:08:20.575] [Netty Epoll Server IO #3/DEBUG] [net.minecraftforge.network.ForgePacketHandler/FORGE_PACKET_HANDLER]: Received acknowledgement 11 from client
[14Sep2026 05:08:20.649] [Netty Epoll Server IO #4/DEBUG] [net.minecraftforge.network.ForgePacketHandler/FORGE_PACKET_HANDLER]: Received acknowledgement 9 from client
[14Sep2026 05:08:20.732] [Netty Epoll Server IO #3/DEBUG] [net.minecraftforge.network.ForgePacketHandler/FORGE_PACKET_HANDLER]: Received acknowledgement 12 from client
[14Sep2026 05:08:20.790] [Netty Epoll Server IO #4/DEBUG] [net.minecraftforge.network.ForgePacketHandler/FORGE_PACKET_HANDLER]: Received acknowledgement 10 from client
[14Sep2026 05:08:20.874] [Netty Epoll Server IO #3/DEBUG] [net.minecraftforge.network.ForgePacketHandler/FORGE_PACKET_HANDLER]: Received acknowledgement 13 from client
[14Sep2026 05:08:20.930] [Netty Epoll Server IO #4/DEBUG] [net.minecraftforge.network.ForgePacketHandler/FORGE_PACKET_HANDLER]: Received acknowledgement 11 from client
[14Sep2026 05:08:21.017] [Netty Epoll Server IO #3/DEBUG] [net.minecraftforge.network.ForgePacketHandler/FORGE_PACKET_HANDLER]: Received acknowledgement 14 from client
[14Sep2026 05:08:21.076] [Netty Epoll Server IO #4/DEBUG] [net.minecraftforge.network.ForgePacketHandler/FORGE_PACKET_HANDLER]: Received acknowledgement 12 from client
[14Sep2026 05:08:21.160] [Netty Epoll Server IO #3/DEBUG] [net.minecraftforge.network.ForgePacketHandler/FORGE_PACKET_HANDLER]: Received acknowledgement 15 from client
[14Sep2026 05:08:21.216] [Netty Epoll Server IO #4/DEBUG] [net.minecraftforge.network.ForgePacketHandler/FORGE_PACKET_HANDLER]: Received acknowledgement 13 from client
[14Sep2026 05:08:21.305] [Netty Epoll Server IO #3/DEBUG] [net.minecraftforge.network.ForgePacketHandler/FORGE_PACKET_HANDLER]: Received acknowledgement 16 from client
[14Sep2026 05:08:21.356] [Netty Epoll Server IO #4/DEBUG] [net.minecraftforge.network.ForgePacketHandler/FORGE_PACKET_HANDLER]: Received acknowledgement 14 from client
[14Sep2026 05:08:21.448] [Netty Epoll Server IO #3/DEBUG] [net.minecraftforge.network.ForgePacketHandler/FORGE_PACKET_HANDLER]: Received acknowledgement 17 from client
[14Sep2026 05:08:21.496] [Netty Epoll Server IO #4/DEBUG] [net.minecraftforge.network.ForgePacketHandler/FORGE_PACKET_HANDLER]: Received acknowledgement 15 from client
[14Sep2026 05:08:21.590] [Netty Epoll Server IO #3/DEBUG] [net.minecraftforge.network.ForgePacketHandler/FORGE_PACKET_HANDLER]: Received acknowledgement 18 from client
[14Sep2026 05:08:21.636] [Netty Epoll Server IO #4/DEBUG] [net.minecraftforge.network.ForgePacketHandler/FORGE_PACKET_HANDLER]: Received acknowledgement 16 from client
[14Sep2026 05:08:21.776] [Netty Epoll Server IO #4/DEBUG] [net.minecraftforge.network.ForgePacketHandler/FORGE_PACKET_HANDLER]: Received acknowledgement 17 from client
[14Sep2026 05:08:21.916] [Netty Epoll Server IO #4/DEBUG] [net.minecraftforge.network.ForgePacketHandler/FORGE_PACKET_HANDLER]: Received acknowledgement 18 from client
[14Sep2026 05:08:22.366] [Netty Epoll Server IO #4/DEBUG] [net.minecraftforge.network.ForgePacketHandler/FORGE_PACKET_HANDLER]: Received acknowledgement 19 from client
[14Sep2026 05:08:22.569] [Netty Epoll Server IO #3/DEBUG] [net.minecraftforge.network.ForgePacketHandler/FORGE_PACKET_HANDLER]: Received acknowledgement 19 from client
[14Sep2026 05:08:22.945] [Server thread/INFO] [net.minecraft.server.players.PlayerList/]: teemoelsamu[/127.50.10.107:47833] logged in with entity id 278 at (261.69605764830726, 66.0, 197.30000001192093)
[14Sep2026 05:08:22.948] [Server thread/INFO] [net.minecraft.server.MinecraftServer/]: teemoelsamu joined the game
[14Sep2026 05:08:23.240] [Server thread/INFO] [net.minecraft.server.players.PlayerList/]: Bokuakatsuki[/127.50.10.107:55835] logged in with entity id 304 at (85.30541563576163, -12.0, 243.9386150706782)
[14Sep2026 05:08:23.242] [Server thread/INFO] [net.minecraft.server.MinecraftServer/]: Bokuakatsuki joined the game
[14Sep2026 05:08:23.790] [Server thread/WARN] [net.minecraft.world.level.entity.PersistentEntitySectionManager/]: UUID of added entity already exists: Cow['Cow'/339, l='ServerLevel[MUNDO DISLEXICO]', x=369.62, y=72.00, z=23.52]
[14Sep2026 05:08:32.787] [User Authenticator #4/INFO] [net.minecraft.server.network.ServerLoginPacketListenerImpl/]: UUID of player Miikari_UwU is 291c1a0c-bd77-44e1-a786-e724ee0a4b4a
[14Sep2026 05:08:32.997] [Netty Epoll Server IO #6/DEBUG] [net.minecraftforge.network.ForgePacketHandler/FORGE_PACKET_HANDLER]: Received client connection with modlist [forge, minecraft]
[14Sep2026 05:08:33.081] [Netty Epoll Server IO #6/DEBUG] [net.minecraftforge.network.ForgePacketHandler/FORGE_PACKET_HANDLER]: Received client connection with channels [forge:channel_registration, forge:handshake, forge:login]
[14Sep2026 05:08:33.081] [Netty Epoll Server IO #6/DEBUG] [net.minecraftforge.network.NetworkRegistry/NETREGISTRY]: Channel 'forge:handshake' : Version test of 'PRESENT 0' from client : ACCEPTED
[14Sep2026 05:08:33.081] [Netty Epoll Server IO #6/DEBUG] [net.minecraftforge.network.NetworkRegistry/NETREGISTRY]: Channel 'forge:login' : Version test of 'PRESENT 0' from client : ACCEPTED
[14Sep2026 05:08:33.081] [Netty Epoll Server IO #6/DEBUG] [net.minecraftforge.network.NetworkRegistry/NETREGISTRY]: Channel 'forge:channel_registration' : Version test of 'PRESENT 0' from client : ACCEPTED
[14Sep2026 05:08:33.081] [Netty Epoll Server IO #6/DEBUG] [net.minecraftforge.network.NetworkRegistry/NETREGISTRY]: Accepting channel list from client
[14Sep2026 05:08:33.171] [Netty Epoll Server IO #6/DEBUG] [net.minecraftforge.network.ForgePacketHandler/FORGE_PACKET_HANDLER]: Received acknowledgement 0 from client
[14Sep2026 05:08:33.259] [Netty Epoll Server IO #6/DEBUG] [net.minecraftforge.network.ForgePacketHandler/FORGE_PACKET_HANDLER]: Received acknowledgement 1 from client
[14Sep2026 05:08:33.343] [Netty Epoll Server IO #6/DEBUG] [net.minecraftforge.network.ForgePacketHandler/FORGE_PACKET_HANDLER]: Received acknowledgement 2 from client
[14Sep2026 05:08:33.516] [Netty Epoll Server IO #6/DEBUG] [net.minecraftforge.network.ForgePacketHandler/FORGE_PACKET_HANDLER]: Received acknowledgement 3 from client
[14Sep2026 05:08:33.599] [Netty Epoll Server IO #6/DEBUG] [net.minecraftforge.network.ForgePacketHandler/FORGE_PACKET_HANDLER]: Received acknowledgement 4 from client
[14Sep2026 05:08:33.682] [Netty Epoll Server IO #6/DEBUG] [net.minecraftforge.network.ForgePacketHandler/FORGE_PACKET_HANDLER]: Received acknowledgement 5 from client
[14Sep2026 05:08:33.772] [Netty Epoll Server IO #6/DEBUG] [net.minecraftforge.network.ForgePacketHandler/FORGE_PACKET_HANDLER]: Received acknowledgement 6 from client
[14Sep2026 05:08:33.856] [Netty Epoll Server IO #6/DEBUG] [net.minecraftforge.network.ForgePacketHandler/FORGE_PACKET_HANDLER]: Received acknowledgement 7 from client
[14Sep2026 05:08:33.939] [Netty Epoll Server IO #6/DEBUG] [net.minecraftforge.network.ForgePacketHandler/FORGE_PACKET_HANDLER]: Received acknowledgement 8 from client
[14Sep2026 05:08:34.023] [Netty Epoll Server IO #6/DEBUG] [net.minecraftforge.network.ForgePacketHandler/FORGE_PACKET_HANDLER]: Received acknowledgement 9 from client
[14Sep2026 05:08:34.107] [Netty Epoll Server IO #6/DEBUG] [net.minecraftforge.network.ForgePacketHandler/FORGE_PACKET_HANDLER]: Received acknowledgement 10 from client
[14Sep2026 05:08:34.195] [Netty Epoll Server IO #6/DEBUG] [net.minecraftforge.network.ForgePacketHandler/FORGE_PACKET_HANDLER]: Received acknowledgement 11 from client
[14Sep2026 05:08:34.284] [Netty Epoll Server IO #6/DEBUG] [net.minecraftforge.network.ForgePacketHandler/FORGE_PACKET_HANDLER]: Received acknowledgement 12 from client
[14Sep2026 05:08:34.367] [Netty Epoll Server IO #6/DEBUG] [net.minecraftforge.network.ForgePacketHandler/FORGE_PACKET_HANDLER]: Received acknowledgement 13 from client
[14Sep2026 05:08:34.450] [Netty Epoll Server IO #6/DEBUG] [net.minecraftforge.network.ForgePacketHandler/FORGE_PACKET_HANDLER]: Received acknowledgement 14 from client
[14Sep2026 05:08:34.533] [Netty Epoll Server IO #6/DEBUG] [net.minecraftforge.network.ForgePacketHandler/FORGE_PACKET_HANDLER]: Received acknowledgement 15 from client
[14Sep2026 05:08:34.617] [Netty Epoll Server IO #6/DEBUG] [net.minecraftforge.network.ForgePacketHandler/FORGE_PACKET_HANDLER]: Received acknowledgement 16 from client
[14Sep2026 05:08:34.701] [Netty Epoll Server IO #6/DEBUG] [net.minecraftforge.network.ForgePacketHandler/FORGE_PACKET_HANDLER]: Received acknowledgement 17 from client
[14Sep2026 05:08:34.791] [Netty Epoll Server IO #6/DEBUG] [net.minecraftforge.network.ForgePacketHandler/FORGE_PACKET_HANDLER]: Received acknowledgement 18 from client
[14Sep2026 05:08:35.161] [Netty Epoll Server IO #6/DEBUG] [net.minecraftforge.network.ForgePacketHandler/FORGE_PACKET_HANDLER]: Received acknowledgement 19 from client
[14Sep2026 05:08:35.490] [Server thread/INFO] [net.minecraft.server.players.PlayerList/]: Miikari_UwU[/127.16.133.31:54275] logged in with entity id 373 at (84.59413099979078, -12.0, 239.494984628179)
[14Sep2026 05:08:35.492] [Server thread/INFO] [net.minecraft.server.MinecraftServer/]: Miikari_UwU joined the game
[14Sep2026 05:12:05.672] [User Authenticator #5/INFO] [net.minecraft.server.network.ServerLoginPacketListenerImpl/]: UUID of player cqrazan is 710e3b65-b96c-4dc2-ba10-034c00fc9a40
[14Sep2026 05:12:05.850] [Netty Epoll Server IO #0/DEBUG] [net.minecraftforge.network.ForgePacketHandler/FORGE_PACKET_HANDLER]: Received client connection with modlist [forge, minecraft]
[14Sep2026 05:12:05.935] [Netty Epoll Server IO #0/DEBUG] [net.minecraftforge.network.ForgePacketHandler/FORGE_PACKET_HANDLER]: Received client connection with channels [forge:channel_registration, forge:handshake, forge:login]
[14Sep2026 05:12:05.935] [Netty Epoll Server IO #0/DEBUG] [net.minecraftforge.network.NetworkRegistry/NETREGISTRY]: Channel 'forge:handshake' : Version test of 'PRESENT 0' from client : ACCEPTED
[14Sep2026 05:12:05.935] [Netty Epoll Server IO #0/DEBUG] [net.minecraftforge.network.NetworkRegistry/NETREGISTRY]: Channel 'forge:login' : Version test of 'PRESENT 0' from client : ACCEPTED
[14Sep2026 05:12:05.935] [Netty Epoll Server IO #0/DEBUG] [net.minecraftforge.network.NetworkRegistry/NETREGISTRY]: Channel 'forge:channel_registration' : Version test of 'PRESENT 0' from client : ACCEPTED
[14Sep2026 05:12:05.936] [Netty Epoll Server IO #0/DEBUG] [net.minecraftforge.network.NetworkRegistry/NETREGISTRY]: Accepting channel list from client
[14Sep2026 05:12:06.024] [Netty Epoll Server IO #0/DEBUG] [net.minecraftforge.network.ForgePacketHandler/FORGE_PACKET_HANDLER]: Received acknowledgement 0 from client
[14Sep2026 05:12:06.116] [Netty Epoll Server IO #0/DEBUG] [net.minecraftforge.network.ForgePacketHandler/FORGE_PACKET_HANDLER]: Received acknowledgement 1 from client
[14Sep2026 05:12:06.202] [Netty Epoll Server IO #0/DEBUG] [net.minecraftforge.network.ForgePacketHandler/FORGE_PACKET_HANDLER]: Received acknowledgement 2 from client
[14Sep2026 05:12:06.386] [Netty Epoll Server IO #0/DEBUG] [net.minecraftforge.network.ForgePacketHandler/FORGE_PACKET_HANDLER]: Received acknowledgement 3 from client
[14Sep2026 05:12:06.470] [Netty Epoll Server IO #0/DEBUG] [net.minecraftforge.network.ForgePacketHandler/FORGE_PACKET_HANDLER]: Received acknowledgement 4 from client
[14Sep2026 05:12:06.554] [Netty Epoll Server IO #0/DEBUG] [net.minecraftforge.network.ForgePacketHandler/FORGE_PACKET_HANDLER]: Received acknowledgement 5 from client
[14Sep2026 05:12:06.644] [Netty Epoll Server IO #0/DEBUG] [net.minecraftforge.network.ForgePacketHandler/FORGE_PACKET_HANDLER]: Received acknowledgement 6 from client
[14Sep2026 05:12:06.728] [Netty Epoll Server IO #0/DEBUG] [net.minecraftforge.network.ForgePacketHandler/FORGE_PACKET_HANDLER]: Received acknowledgement 7 from client
[14Sep2026 05:12:06.812] [Netty Epoll Server IO #0/DEBUG] [net.minecraftforge.network.ForgePacketHandler/FORGE_PACKET_HANDLER]: Received acknowledgement 8 from client
[14Sep2026 05:12:06.896] [Netty Epoll Server IO #0/DEBUG] [net.minecraftforge.network.ForgePacketHandler/FORGE_PACKET_HANDLER]: Received acknowledgement 9 from client
[14Sep2026 05:12:06.981] [Netty Epoll Server IO #0/DEBUG] [net.minecraftforge.network.ForgePacketHandler/FORGE_PACKET_HANDLER]: Received acknowledgement 10 from client
[14Sep2026 05:12:07.066] [Netty Epoll Server IO #0/DEBUG] [net.minecraftforge.network.ForgePacketHandler/FORGE_PACKET_HANDLER]: Received acknowledgement 11 from client
[14Sep2026 05:12:07.154] [Netty Epoll Server IO #0/DEBUG] [net.minecraftforge.network.ForgePacketHandler/FORGE_PACKET_HANDLER]: Received acknowledgement 12 from client
[14Sep2026 05:12:07.238] [Netty Epoll Server IO #0/DEBUG] [net.minecraftforge.network.ForgePacketHandler/FORGE_PACKET_HANDLER]: Received acknowledgement 13 from client
[14Sep2026 05:12:07.322] [Netty Epoll Server IO #0/DEBUG] [net.minecraftforge.network.ForgePacketHandler/FORGE_PACKET_HANDLER]: Received acknowledgement 14 from client
[14Sep2026 05:12:07.407] [Netty Epoll Server IO #0/DEBUG] [net.minecraftforge.network.ForgePacketHandler/FORGE_PACKET_HANDLER]: Received acknowledgement 15 from client
[14Sep2026 05:12:07.491] [Netty Epoll Server IO #0/DEBUG] [net.minecraftforge.network.ForgePacketHandler/FORGE_PACKET_HANDLER]: Received acknowledgement 16 from client
[14Sep2026 05:12:07.576] [Netty Epoll Server IO #0/DEBUG] [net.minecraftforge.network.ForgePacketHandler/FORGE_PACKET_HANDLER]: Received acknowledgement 17 from client
[14Sep2026 05:12:07.661] [Netty Epoll Server IO #0/DEBUG] [net.minecraftforge.network.ForgePacketHandler/FORGE_PACKET_HANDLER]: Received acknowledgement 18 from client
[14Sep2026 05:12:08.499] [Netty Epoll Server IO #0/DEBUG] [net.minecraftforge.network.ForgePacketHandler/FORGE_PACKET_HANDLER]: Received acknowledgement 19 from client
[14Sep2026 05:12:08.930] [Server thread/INFO] [net.minecraft.server.players.PlayerList/]: cqrazan[/127.199.118.245:53089] logged in with entity id 1054 at (170.00699388499754, 62.0, 188.07151366428985)
[14Sep2026 05:12:08.935] [Server thread/INFO] [net.minecraft.server.MinecraftServer/]: cqrazan joined the game
[14Sep2026 05:13:09.132] [Server thread/DEBUG] [net.minecraftforge.common.ForgeHooks/WP]: Gathering id map for writing to world save MUNDO DISLEXICO
[14Sep2026 05:13:09.139] [Server thread/DEBUG] [net.minecraftforge.common.ForgeHooks/WP]: ID Map collection complete MUNDO DISLEXICO
[14Sep2026 05:18:09.112] [Server thread/DEBUG] [net.minecraftforge.common.ForgeHooks/WP]: Gathering id map for writing to world save MUNDO DISLEXICO
[14Sep2026 05:18:09.122] [Server thread/DEBUG] [net.minecraftforge.common.ForgeHooks/WP]: ID Map collection complete MUNDO DISLEXICO
[14Sep2026 05:18:19.082] [Server thread/INFO] [net.minecraft.server.MinecraftServer/]: MirsWATF has made the advancement [Ice Bucket Challenge]
[14Sep2026 05:22:30.130] [Server thread/INFO] [net.minecraft.server.MinecraftServer/]: Unknown or incomplete command. See below for error
[14Sep2026 05:22:30.131] [Server thread/INFO] [net.minecraft.server.MinecraftServer/]: dsadsadasda<--[HERE]
[14Sep2026 05:23:09.078] [Server thread/DEBUG] [net.minecraftforge.common.ForgeHooks/WP]: Gathering id map for writing to world save MUNDO DISLEXICO
[14Sep2026 05:23:09.085] [Server thread/DEBUG] [net.minecraftforge.common.ForgeHooks/WP]: ID Map collection complete MUNDO DISLEXICO
[14Sep2026 05:28:09.083] [Server thread/DEBUG] [net.minecraftforge.common.ForgeHooks/WP]: Gathering id map for writing to world save MUNDO DISLEXICO
[14Sep2026 05:28:09.090] [Server thread/DEBUG] [net.minecraftforge.common.ForgeHooks/WP]: ID Map collection complete MUNDO DISLEXICO
[14Sep2026 05:30:20.688] [Server thread/INFO] [net.minecraft.server.MinecraftServer/]: MirsWATF has made the advancement [We Need to Go Deeper]
[14Sep2026 05:30:22.208] [Server thread/WARN] [net.minecraft.server.MinecraftServer/]: Can't keep up! Is the server overloaded? Running 2888ms or 57 ticks behind
[14Sep2026 05:30:22.686] [Server thread/INFO] [net.minecraft.server.MinecraftServer/]: Miikari_UwU has made the advancement [We Need to Go Deeper]
[14Sep2026 05:30:27.237] [Server thread/INFO] [net.minecraft.server.MinecraftServer/]: Bokuakatsuki has made the advancement [We Need to Go Deeper]
[14Sep2026 05:33:11.939] [Server thread/DEBUG] [net.minecraftforge.common.ForgeHooks/WP]: Gathering id map for writing to world save MUNDO DISLEXICO
[14Sep2026 05:33:11.947] [Server thread/DEBUG] [net.minecraftforge.common.ForgeHooks/WP]: ID Map collection complete MUNDO DISLEXICO
[14Sep2026 05:38:11.933] [Server thread/DEBUG] [net.minecraftforge.common.ForgeHooks/WP]: Gathering id map for writing to world save MUNDO DISLEXICO
[14Sep2026 05:38:11.940] [Server thread/DEBUG] [net.minecraftforge.common.ForgeHooks/WP]: ID Map collection complete MUNDO DISLEXICO
[14Sep2026 05:39:46.081] [Server thread/INFO] [net.minecraft.server.MinecraftServer/]: Unknown or incomplete command. See below for error
[14Sep2026 05:39:46.082] [Server thread/INFO] [net.minecraft.server.MinecraftServer/]: DSADASDSADAS<--[HERE]
[14Sep2026 05:43:11.936] [Server thread/DEBUG] [net.minecraftforge.common.ForgeHooks/WP]: Gathering id map for writing to world save MUNDO DISLEXICO
[14Sep2026 05:43:11.944] [Server thread/DEBUG] [net.minecraftforge.common.ForgeHooks/WP]: ID Map collection complete MUNDO DISLEXICO
[14Sep2026 05:46:16.280] [Server thread/INFO] [net.minecraft.server.MinecraftServer/]: MirsWATF tried to swim in lava
[14Sep2026 05:46:25.030] [Server thread/INFO] [net.minecraft.server.MinecraftServer/]: Bokuakatsuki tried to swim in lava
[14Sep2026 05:48:11.914] [Server thread/DEBUG] [net.minecraftforge.common.ForgeHooks/WP]: Gathering id map for writing to world save MUNDO DISLEXICO
[14Sep2026 05:48:11.920] [Server thread/DEBUG] [net.minecraftforge.common.ForgeHooks/WP]: ID Map collection complete MUNDO DISLEXICO
[14Sep2026 05:51:52.501] [Server thread/INFO] [net.minecraft.server.MinecraftServer/]: <MirsWATF> z
[14Sep2026 05:51:55.512] [Server thread/INFO] [net.minecraft.server.MinecraftServer/]: <cqrazan> zz
[14Sep2026 05:51:55.556] [Server thread/INFO] [net.minecraft.server.MinecraftServer/]: <Miikari_UwU> duermannnnnnn xd
[14Sep2026 05:52:01.228] [Server thread/INFO] [net.minecraft.server.MinecraftServer/]: <MirsWATF> MIAIUUUUUUUUUUUUUUUUUUU
[14Sep2026 05:52:02.004] [Server thread/INFO] [net.minecraft.server.MinecraftServer/]: <Bokuakatsuki> zzzzzz
[14Sep2026 05:53:11.919] [Server thread/DEBUG] [net.minecraftforge.common.ForgeHooks/WP]: Gathering id map for writing to world save MUNDO DISLEXICO
[14Sep2026 05:53:11.927] [Server thread/DEBUG] [net.minecraftforge.common.ForgeHooks/WP]: ID Map collection complete MUNDO DISLEXICO
[14Sep2026 05:58:11.916] [Server thread/DEBUG] [net.minecraftforge.common.ForgeHooks/WP]: Gathering id map for writing to world save MUNDO DISLEXICO
[14Sep2026 05:58:11.922] [Server thread/DEBUG] [net.minecraftforge.common.ForgeHooks/WP]: ID Map collection complete MUNDO DISLEXICO
[14Sep2026 06:03:11.925] [Server thread/DEBUG] [net.minecraftforge.common.ForgeHooks/WP]: Gathering id map for writing to world save MUNDO DISLEXICO
[14Sep2026 06:03:11.932] [Server thread/DEBUG] [net.minecraftforge.common.ForgeHooks/WP]: ID Map collection complete MUNDO DISLEXICO
[14Sep2026 06:08:04.575] [Server thread/INFO] [net.minecraft.server.MinecraftServer/]: Unknown or incomplete command. See below for error
[14Sep2026 06:08:04.576] [Server thread/INFO] [net.minecraft.server.MinecraftServer/]: DSADSADAS<--[HERE]
[14Sep2026 06:08:11.916] [Server thread/DEBUG] [net.minecraftforge.common.ForgeHooks/WP]: Gathering id map for writing to world save MUNDO DISLEXICO
[14Sep2026 06:08:11.920] [Server thread/DEBUG] [net.minecraftforge.common.ForgeHooks/WP]: ID Map collection complete MUNDO DISLEXICO
[14Sep2026 06:08:38.108] [Server thread/ERROR] [net.minecraft.world.level.block.entity.BlockEntity/]: Failed to create block entity net.minecraft.world.level.block.entity.BlockEntityType@5b71ccf2 for block BlockPos{x=301, y=7, z=507} at position Block{minecraft:cobweb} 
java.lang.IllegalStateException: Invalid block entity minecraft:mob_spawner // net.minecraft.world.level.block.entity.SpawnerBlockEntity state at BlockPos{x=301, y=7, z=507}, got Block{minecraft:cobweb}
	at TRANSFORMER/minecraft@26.2/net.minecraft.world.level.block.entity.BlockEntity.validateBlockState(BlockEntity.java:61) ~[forge-26.2-65.1.3-server.jar!/:?]
	at TRANSFORMER/minecraft@26.2/net.minecraft.world.level.block.entity.BlockEntity.<init>(BlockEntity.java:54) ~[forge-26.2-65.1.3-server.jar!/:?]
	at TRANSFORMER/minecraft@26.2/net.minecraft.world.level.block.entity.SpawnerBlockEntity.<init>(SpawnerBlockEntity.java:45) ~[forge-26.2-65.1.3-server.jar!/:?]
	at TRANSFORMER/minecraft@26.2/net.minecraft.world.level.block.entity.BlockEntityType.create(BlockEntityType.java:25) ~[forge-26.2-65.1.3-server.jar!/:?]
	at TRANSFORMER/minecraft@26.2/net.minecraft.world.level.block.entity.BlockEntity.loadStatic(BlockEntity.java:180) ~[forge-26.2-65.1.3-server.jar!/:?]
	at TRANSFORMER/minecraft@26.2/net.minecraft.world.level.chunk.storage.SerializableChunkData.lambda$postLoadChunk$0(SerializableChunkData.java:531) ~[forge-26.2-65.1.3-server.jar!/:?]
	at TRANSFORMER/minecraft@26.2/net.minecraft.world.level.chunk.LevelChunk.runPostLoad(LevelChunk.java:520) ~[forge-26.2-65.1.3-server.jar!/:?]
	at TRANSFORMER/minecraft@26.2/net.minecraft.world.level.chunk.status.ChunkStatusTasks.lambda$full$0(ChunkStatusTasks.java:202) ~[forge-26.2-65.1.3-server.jar!/:?]
	at java.base/java.util.concurrent.CompletableFuture$AsyncSupply.run(CompletableFuture.java:1789) ~[?:?]
	at TRANSFORMER/minecraft@26.2/net.minecraft.util.thread.BlockableEventLoop.doRunTask(BlockableEventLoop.java:173) ~[forge-26.2-65.1.3-server.jar!/:?]
	at TRANSFORMER/minecraft@26.2/net.minecraft.server.level.ServerChunkCache$MainThreadExecutor.doRunTask(ServerChunkCache.java:629) ~[forge-26.2-65.1.3-server.jar!/:?]
	at TRANSFORMER/minecraft@26.2/net.minecraft.util.thread.BlockableEventLoop.pollTask(BlockableEventLoop.java:147) ~[forge-26.2-65.1.3-server.jar!/:?]
	at TRANSFORMER/minecraft@26.2/net.minecraft.server.level.ServerChunkCache$MainThreadExecutor.pollTask(ServerChunkCache.java:639) ~[forge-26.2-65.1.3-server.jar!/:?]
	at TRANSFORMER/minecraft@26.2/net.minecraft.server.level.ServerChunkCache.pollTask(ServerChunkCache.java:284) ~[forge-26.2-65.1.3-server.jar!/:?]
	at TRANSFORMER/minecraft@26.2/net.minecraft.server.MinecraftServer.pollTaskInternal(MinecraftServer.java:916) [forge-26.2-65.1.3-server.jar!/:?]
	at TRANSFORMER/minecraft@26.2/net.minecraft.server.MinecraftServer.pollTask(MinecraftServer.java:904) [forge-26.2-65.1.3-server.jar!/:?]
	at TRANSFORMER/minecraft@26.2/net.minecraft.util.thread.BlockableEventLoop.managedBlock(BlockableEventLoop.java:156) ~[forge-26.2-65.1.3-server.jar!/:?]
	at TRANSFORMER/minecraft@26.2/net.minecraft.server.MinecraftServer.waitUntilNextTick(MinecraftServer.java:877) [forge-26.2-65.1.3-server.jar!/:?]
	at TRANSFORMER/minecraft@26.2/net.minecraft.server.MinecraftServer.runServer(MinecraftServer.java:775) [forge-26.2-65.1.3-server.jar!/:?]
	at TRANSFORMER/minecraft@26.2/net.minecraft.server.MinecraftServer.lambda$spin$0(MinecraftServer.java:299) [forge-26.2-65.1.3-server.jar!/:?]
	at java.base/java.lang.Thread.run(Thread.java:1474) [?:?]
[14Sep2026 06:09:35.744] [Server thread/INFO] [net.minecraft.server.MinecraftServer/]: <Bokuakatsuki> zzzzzz
[14Sep2026 06:13:11.920] [Server thread/DEBUG] [net.minecraftforge.common.ForgeHooks/WP]: Gathering id map for writing to world save MUNDO DISLEXICO
[14Sep2026 06:13:11.924] [Server thread/DEBUG] [net.minecraftforge.common.ForgeHooks/WP]: ID Map collection complete MUNDO DISLEXICO
[14Sep2026 06:18:11.921] [Server thread/DEBUG] [net.minecraftforge.common.ForgeHooks/WP]: Gathering id map for writing to world save MUNDO DISLEXICO
[14Sep2026 06:18:11.926] [Server thread/DEBUG] [net.minecraftforge.common.ForgeHooks/WP]: ID Map collection complete MUNDO DISLEXICO
[14Sep2026 06:19:23.376] [Server thread/INFO] [net.minecraft.server.network.ServerGamePacketListenerImpl/]: cqrazan lost connection: Disconnected
[14Sep2026 06:19:23.378] [Server thread/INFO] [net.minecraft.server.MinecraftServer/]: cqrazan left the game
[14Sep2026 06:20:32.975] [Server thread/INFO] [net.minecraft.server.MinecraftServer/]: Unknown or incomplete command. See below for error
[14Sep2026 06:20:32.976] [Server thread/INFO] [net.minecraft.server.MinecraftServer/]: DSADSADSA<--[HERE]
[14Sep2026 06:22:26.124] [Server thread/INFO] [net.minecraft.server.network.ServerGamePacketListenerImpl/]: MirsWATF lost connection: Disconnected
[14Sep2026 06:22:26.125] [Server thread/INFO] [net.minecraft.server.MinecraftServer/]: MirsWATF left the game
[14Sep2026 06:22:43.537] [User Authenticator #6/INFO] [net.minecraft.server.network.ServerLoginPacketListenerImpl/]: UUID of player MirsWATF is b5193e04-289f-4676-8ef7-f3111c8cc1e6
[14Sep2026 06:22:43.763] [Netty Epoll Server IO #7/DEBUG] [net.minecraftforge.network.ForgePacketHandler/FORGE_PACKET_HANDLER]: Received client connection with modlist [commonnetworking, forge, journeymap, journeymap_api, minecraft]
[14Sep2026 06:22:43.856] [Netty Epoll Server IO #7/DEBUG] [net.minecraftforge.network.ForgePacketHandler/FORGE_PACKET_HANDLER]: Received client connection with channels [forge:channel_registration, forge:handshake, forge:login, journeymap:admin_req, journeymap:admin_save, journeymap:common, journeymap:global_wp_visibility, journeymap:mp_options_req, journeymap:overlay_clear, journeymap:overlay_remove, journeymap:overlay_show, journeymap:perm_req, journeymap:player_loc, journeymap:remove_player, journeymap:teleport_req, journeymap:version, journeymap:waypoint, journeymap:waypoint_crud_req, journeymap:waypoint_crud_resp, journeymap:waypoint_notification, journeymap:waypoint_push, journeymap:waypoint_query, journeymap:waypoint_scope_req, journeymap:waypoint_scope_resp, journeymap:waypoint_scopes, journeymap:waypoint_settings_resp, journeymap:waypoint_settings_update, journeymap:waypoint_share_op, journeymap:waypoint_share_targets_resp, worldinfo:world_id]
[14Sep2026 06:22:43.857] [Netty Epoll Server IO #7/DEBUG] [net.minecraftforge.network.NetworkRegistry/NETREGISTRY]: Channel 'forge:handshake' : Version test of 'PRESENT 0' from client : ACCEPTED
[14Sep2026 06:22:43.857] [Netty Epoll Server IO #7/DEBUG] [net.minecraftforge.network.NetworkRegistry/NETREGISTRY]: Channel 'forge:login' : Version test of 'PRESENT 0' from client : ACCEPTED
[14Sep2026 06:22:43.857] [Netty Epoll Server IO #7/DEBUG] [net.minecraftforge.network.NetworkRegistry/NETREGISTRY]: Channel 'forge:channel_registration' : Version test of 'PRESENT 0' from client : ACCEPTED
[14Sep2026 06:22:43.857] [Netty Epoll Server IO #7/DEBUG] [net.minecraftforge.network.NetworkRegistry/NETREGISTRY]: Accepting channel list from client
[14Sep2026 06:22:43.954] [Netty Epoll Server IO #7/DEBUG] [net.minecraftforge.network.ForgePacketHandler/FORGE_PACKET_HANDLER]: Received acknowledgement 0 from client
[14Sep2026 06:22:44.047] [Netty Epoll Server IO #7/DEBUG] [net.minecraftforge.network.ForgePacketHandler/FORGE_PACKET_HANDLER]: Received acknowledgement 1 from client
[14Sep2026 06:22:44.141] [Netty Epoll Server IO #7/DEBUG] [net.minecraftforge.network.ForgePacketHandler/FORGE_PACKET_HANDLER]: Received acknowledgement 2 from client
[14Sep2026 06:22:44.329] [Netty Epoll Server IO #7/DEBUG] [net.minecraftforge.network.ForgePacketHandler/FORGE_PACKET_HANDLER]: Received acknowledgement 3 from client
[14Sep2026 06:22:44.423] [Netty Epoll Server IO #7/DEBUG] [net.minecraftforge.network.ForgePacketHandler/FORGE_PACKET_HANDLER]: Received acknowledgement 4 from client
[14Sep2026 06:22:44.516] [Netty Epoll Server IO #7/DEBUG] [net.minecraftforge.network.ForgePacketHandler/FORGE_PACKET_HANDLER]: Received acknowledgement 5 from client
[14Sep2026 06:22:44.613] [Netty Epoll Server IO #7/DEBUG] [net.minecraftforge.network.ForgePacketHandler/FORGE_PACKET_HANDLER]: Received acknowledgement 6 from client
[14Sep2026 06:22:44.706] [Netty Epoll Server IO #7/DEBUG] [net.minecraftforge.network.ForgePacketHandler/FORGE_PACKET_HANDLER]: Received acknowledgement 7 from client
[14Sep2026 06:22:44.798] [Netty Epoll Server IO #7/DEBUG] [net.minecraftforge.network.ForgePacketHandler/FORGE_PACKET_HANDLER]: Received acknowledgement 8 from client
[14Sep2026 06:22:44.891] [Netty Epoll Server IO #7/DEBUG] [net.minecraftforge.network.ForgePacketHandler/FORGE_PACKET_HANDLER]: Received acknowledgement 9 from client
[14Sep2026 06:22:44.985] [Netty Epoll Server IO #7/DEBUG] [net.minecraftforge.network.ForgePacketHandler/FORGE_PACKET_HANDLER]: Received acknowledgement 10 from client
[14Sep2026 06:22:45.078] [Netty Epoll Server IO #7/DEBUG] [net.minecraftforge.network.ForgePacketHandler/FORGE_PACKET_HANDLER]: Received acknowledgement 11 from client
[14Sep2026 06:22:45.173] [Netty Epoll Server IO #7/DEBUG] [net.minecraftforge.network.ForgePacketHandler/FORGE_PACKET_HANDLER]: Received acknowledgement 12 from client
[14Sep2026 06:22:45.266] [Netty Epoll Server IO #7/DEBUG] [net.minecraftforge.network.ForgePacketHandler/FORGE_PACKET_HANDLER]: Received acknowledgement 13 from client
[14Sep2026 06:22:45.358] [Netty Epoll Server IO #7/DEBUG] [net.minecraftforge.network.ForgePacketHandler/FORGE_PACKET_HANDLER]: Received acknowledgement 14 from client
[14Sep2026 06:22:45.451] [Netty Epoll Server IO #7/DEBUG] [net.minecraftforge.network.ForgePacketHandler/FORGE_PACKET_HANDLER]: Received acknowledgement 15 from client
[14Sep2026 06:22:45.544] [Netty Epoll Server IO #7/DEBUG] [net.minecraftforge.network.ForgePacketHandler/FORGE_PACKET_HANDLER]: Received acknowledgement 16 from client
[14Sep2026 06:22:45.638] [Netty Epoll Server IO #7/DEBUG] [net.minecraftforge.network.ForgePacketHandler/FORGE_PACKET_HANDLER]: Received acknowledgement 17 from client
[14Sep2026 06:22:45.731] [Netty Epoll Server IO #7/DEBUG] [net.minecraftforge.network.ForgePacketHandler/FORGE_PACKET_HANDLER]: Received acknowledgement 18 from client
[14Sep2026 06:22:46.041] [Netty Epoll Server IO #7/DEBUG] [net.minecraftforge.network.ForgePacketHandler/FORGE_PACKET_HANDLER]: Received acknowledgement 19 from client
[14Sep2026 06:22:46.443] [Server thread/INFO] [net.minecraft.server.players.PlayerList/]: MirsWATF[/127.119.112.13:55465] logged in with entity id 18240 at (90.48722805466406, -9.0, 244.53398522349312)
[14Sep2026 06:22:46.445] [Server thread/INFO] [net.minecraft.server.MinecraftServer/]: MirsWATF joined the game
[14Sep2026 06:23:11.911] [Server thread/DEBUG] [net.minecraftforge.common.ForgeHooks/WP]: Gathering id map for writing to world save MUNDO DISLEXICO
[14Sep2026 06:23:11.916] [Server thread/DEBUG] [net.minecraftforge.common.ForgeHooks/WP]: ID Map collection complete MUNDO DISLEXICO
[14Sep2026 06:28:11.913] [Server thread/DEBUG] [net.minecraftforge.common.ForgeHooks/WP]: Gathering id map for writing to world save MUNDO DISLEXICO
[14Sep2026 06:28:11.917] [Server thread/DEBUG] [net.minecraftforge.common.ForgeHooks/WP]: ID Map collection complete MUNDO DISLEXICO
[14Sep2026 06:33:11.933] [Server thread/DEBUG] [net.minecraftforge.common.ForgeHooks/WP]: Gathering id map for writing to world save MUNDO DISLEXICO
[14Sep2026 06:33:11.937] [Server thread/DEBUG] [net.minecraftforge.common.ForgeHooks/WP]: ID Map collection complete MUNDO DISLEXICO
[14Sep2026 06:38:11.912] [Server thread/DEBUG] [net.minecraftforge.common.ForgeHooks/WP]: Gathering id map for writing to world save MUNDO DISLEXICO
[14Sep2026 06:38:11.917] [Server thread/DEBUG] [net.minecraftforge.common.ForgeHooks/WP]: ID Map collection complete MUNDO DISLEXICO
[14Sep2026 06:42:43.174] [Server thread/INFO] [net.minecraft.server.network.ServerGamePacketListenerImpl/]: teemoelsamu lost connection: Disconnected
[14Sep2026 06:42:43.175] [Server thread/INFO] [net.minecraft.server.MinecraftServer/]: teemoelsamu left the game
[14Sep2026 06:43:11.901] [Server thread/DEBUG] [net.minecraftforge.common.ForgeHooks/WP]: Gathering id map for writing to world save MUNDO DISLEXICO
[14Sep2026 06:43:11.905] [Server thread/DEBUG] [net.minecraftforge.common.ForgeHooks/WP]: ID Map collection complete MUNDO DISLEXICO
[14Sep2026 06:44:38.974] [Server thread/INFO] [net.minecraft.server.network.ServerGamePacketListenerImpl/]: MirsWATF lost connection: Disconnected
[14Sep2026 06:44:38.975] [Server thread/INFO] [net.minecraft.server.MinecraftServer/]: MirsWATF left the game
[14Sep2026 06:44:52.981] [Server thread/INFO] [net.minecraft.server.MinecraftServer/]: Stopping the server
[14Sep2026 06:44:52.993] [Server console handler/ERROR] [net.minecraft.server.dedicated.DedicatedServer/]: Caught previously unhandled exception :
com.sun.jna.LastErrorException: [5] Input/output error
	at SECURE-BOOTSTRAP/com.sun.jna@5.17.0/com.sun.jna.Native.invokeVoid(Native Method) ~[jna-5.17.0.jar!/:5.17.0 (b0)]
	at SECURE-BOOTSTRAP/com.sun.jna@5.17.0/com.sun.jna.Function.invoke(Function.java:418) ~[jna-5.17.0.jar!/:5.17.0 (b0)]
	at SECURE-BOOTSTRAP/com.sun.jna@5.17.0/com.sun.jna.Function.invoke(Function.java:364) ~[jna-5.17.0.jar!/:5.17.0 (b0)]
	at SECURE-BOOTSTRAP/com.sun.jna@5.17.0/com.sun.jna.Library$Handler.invoke(Library.java:270) ~[jna-5.17.0.jar!/:5.17.0 (b0)]
	at SECURE-BOOTSTRAP/jdk.proxy2/jdk.proxy2.$Proxy18.tcgetattr(Unknown Source) ~[?:?]
	at SECURE-BOOTSTRAP/org.jline.terminal.jna@3.25.1/org.jline.terminal.impl.jna.linux.LinuxNativePty.doSetAttr(LinuxNativePty.java:105) ~[jline-terminal-jna-3.25.1.jar!/:?]
	at SECURE-BOOTSTRAP/org.jline.terminal@3.25.1/org.jline.terminal.impl.AbstractPty.setAttr(AbstractPty.java:48) ~[jline-terminal-3.25.1.jar!/:?]
	at SECURE-BOOTSTRAP/org.jline.terminal@3.25.1/org.jline.terminal.impl.AbstractPosixTerminal.setAttributes(AbstractPosixTerminal.java:55) ~[jline-terminal-3.25.1.jar!/:?]
	at SECURE-BOOTSTRAP/org.jline.reader@3.25.1/org.jline.reader.impl.LineReaderImpl.readLine(LineReaderImpl.java:774) ~[jline-reader-3.25.1.jar!/:?]
	at SECURE-BOOTSTRAP/org.jline.reader@3.25.1/org.jline.reader.impl.LineReaderImpl.readLine(LineReaderImpl.java:512) ~[jline-reader-3.25.1.jar!/:?]
	at TRANSFORMER/net.minecraftforge.forge@65.1.3/net.minecraftforge.server.console.TerminalHandler.handleCommands(TerminalHandler.java:46) ~[forge-26.2-65.1.3-universal.jar!/:?]
	at TRANSFORMER/minecraft@26.2/net.minecraft.server.dedicated.DedicatedServer$1.run(DedicatedServer.java:171) ~[forge-26.2-65.1.3-server.jar!/:?]
[14Sep2026 06:44:53.021] [Server thread/INFO] [net.minecraft.server.MinecraftServer/]: Stopping server
[14Sep2026 06:44:53.021] [Server thread/INFO] [net.minecraft.server.MinecraftServer/]: Saving players
[14Sep2026 06:44:53.039] [Server thread/INFO] [net.minecraft.server.network.ServerGamePacketListenerImpl/]: Miikari_UwU lost connection: Server closed
[14Sep2026 06:44:53.039] [Server thread/INFO] [net.minecraft.server.MinecraftServer/]: Miikari_UwU left the game
[14Sep2026 06:44:53.046] [Server thread/INFO] [net.minecraft.server.MinecraftServer/]: Saving worlds
[14Sep2026 06:44:53.156] [Server thread/INFO] [net.minecraft.server.MinecraftServer/]: Saving chunks for level 'ServerLevel[MUNDO DISLEXICO]'/minecraft:overworld
[14Sep2026 06:44:53.418] [Server thread/INFO] [net.minecraft.server.MinecraftServer/]: Saving chunks for level 'ServerLevel[MUNDO DISLEXICO]'/minecraft:the_end
[14Sep2026 06:44:53.424] [Server thread/INFO] [net.minecraft.server.MinecraftServer/]: Saving chunks for level 'ServerLevel[MUNDO DISLEXICO]'/minecraft:the_nether
[14Sep2026 06:44:53.428] [Server thread/DEBUG] [net.minecraftforge.common.ForgeHooks/WP]: Gathering id map for writing to world save MUNDO DISLEXICO
[14Sep2026 06:44:53.431] [Server thread/DEBUG] [net.minecraftforge.common.ForgeHooks/WP]: ID Map collection complete MUNDO DISLEXICO
[14Sep2026 06:44:53.454] [Server thread/INFO] [net.minecraft.server.MinecraftServer/]: ThreadedAnvilChunkStorage (world): All chunks are saved
[14Sep2026 06:44:53.454] [Server thread/INFO] [net.minecraft.server.MinecraftServer/]: ThreadedAnvilChunkStorage (DIM1): All chunks are saved
[14Sep2026 06:44:53.454] [Server thread/INFO] [net.minecraft.server.MinecraftServer/]: ThreadedAnvilChunkStorage (DIM-1): All chunks are saved
[14Sep2026 06:44:53.455] [Server thread/INFO] [net.minecraft.server.MinecraftServer/]: ThreadedAnvilChunkStorage: All dimensions are saved
[14Sep2026 06:44:53.488] [Server thread/DEBUG] [net.minecraftforge.fml.config.ConfigTracker/CONFIG]: Unloading configs type SERVER
[14Sep2026 06:44:53.488] [Server thread/DEBUG] [net.minecraftforge.fml.config.ConfigFileTypeHandler/CONFIG]: Stopping watcher for hander: ConfigFileTypeHandler[SERVER]
[14Sep2026 06:44:53.489] [Server thread/DEBUG] [net.minecraftforge.fml.config.ConfigTracker/CONFIG]: Unloading configs type COMMON
[14Sep2026 06:44:53.489] [Server thread/DEBUG] [net.minecraftforge.fml.config.ConfigFileTypeHandler/CONFIG]: Stopping watcher for hander: ConfigFileTypeHandler[COMMON]
[14Sep2026 06:44:53.989] [pool-5-thread-1/DEBUG] [net.minecraftforge.fml.config.ConfigFileTypeHandler/CONFIG]: Config file forge-server.toml changed, sending notifies
[14Sep2026 06:44:53.989] [pool-3-thread-1/DEBUG] [net.minecraftforge.fml.config.ConfigFileTypeHandler/CONFIG]: Config file forge-common.toml changed, sending notifies
[14Sep2026 06:44:53.990] [pool-5-thread-1/DEBUG] [net.minecraftforge.common.ForgeConfig/FORGEMOD]: Forge config just got changed on the file system!
[14Sep2026 06:44:53.990] [pool-3-thread-1/DEBUG] [net.minecraftforge.common.ForgeConfig/FORGEMOD]: Forge config just got changed on the file system!
